USE CineMetrics;

-- =============================================================
-- Genre (15 rows)
-- =============================================================

INSERT INTO Genre (genre_id, genre_name) VALUES (1, 'Action');
INSERT INTO Genre (genre_id, genre_name) VALUES (2, 'Comedy');
INSERT INTO Genre (genre_id, genre_name) VALUES (3, 'Drama');
INSERT INTO Genre (genre_id, genre_name) VALUES (4, 'Horror');
INSERT INTO Genre (genre_id, genre_name) VALUES (5, 'Sci-Fi');
INSERT INTO Genre (genre_id, genre_name) VALUES (6, 'Romance');
INSERT INTO Genre (genre_id, genre_name) VALUES (7, 'Thriller');
INSERT INTO Genre (genre_id, genre_name) VALUES (8, 'Documentary');
INSERT INTO Genre (genre_id, genre_name) VALUES (9, 'Animation');
INSERT INTO Genre (genre_id, genre_name) VALUES (10, 'Fantasy');
INSERT INTO Genre (genre_id, genre_name) VALUES (11, 'Mystery');
INSERT INTO Genre (genre_id, genre_name) VALUES (12, 'Adventure');
INSERT INTO Genre (genre_id, genre_name) VALUES (13, 'Crime');
INSERT INTO Genre (genre_id, genre_name) VALUES (14, 'Musical');
INSERT INTO Genre (genre_id, genre_name) VALUES (15, 'Western');

-- =============================================================
-- Movie (43 rows)
-- =============================================================

INSERT INTO Movie (movie_id, title, release_year, runtime_minutes, synopsis, country_of_origin, language) VALUES (1, 'Inception', 2010, 148, 'A skilled thief who steals secrets from deep within the subconscious is offered a chance to have his criminal record erased if he can successfully perform inception.', 'USA', 'English');
INSERT INTO Movie (movie_id, title, release_year, runtime_minutes, synopsis, country_of_origin, language) VALUES (2, 'Parasite', 2019, 132, 'A poor family schemes to infiltrate a wealthy household by posing as unrelated skilled workers. Class tension escalates with devastating consequences.', 'South Korea', 'Korean');
INSERT INTO Movie (movie_id, title, release_year, runtime_minutes, synopsis, country_of_origin, language) VALUES (3, 'The Dark Knight', 2008, 152, 'Batman faces the Joker, a criminal mastermind who plunges Gotham City into anarchy and forces the Dark Knight closer to crossing the line between hero and vigilante.', 'USA', 'English');
INSERT INTO Movie (movie_id, title, release_year, runtime_minutes, synopsis, country_of_origin, language) VALUES (4, 'Spirited Away', 2001, 125, 'A young girl becomes trapped in a mysterious spirit world and must work in a bathhouse to free herself and her parents.', 'Japan', 'Japanese');
INSERT INTO Movie (movie_id, title, release_year, runtime_minutes, synopsis, country_of_origin, language) VALUES (5, 'The Godfather', 1972, 175, 'The aging patriarch of an organized crime dynasty transfers control to his reluctant youngest son, who transforms into a ruthless mafia boss.', 'USA', 'English');
INSERT INTO Movie (movie_id, title, release_year, runtime_minutes, synopsis, country_of_origin, language) VALUES (6, 'Pulp Fiction', 1994, 154, 'Interlocking tales of crime and redemption in Los Angeles unfold through the lives of two hitmen, a boxer, a gangster, and his wife.', 'USA', 'English');
INSERT INTO Movie (movie_id, title, release_year, runtime_minutes, synopsis, country_of_origin, language) VALUES (7, 'The Shawshank Redemption', 1994, 142, 'A banker sentenced to life in prison forms an unlikely friendship and orchestrates a decades-long plan to escape.', 'USA', 'English');
INSERT INTO Movie (movie_id, title, release_year, runtime_minutes, synopsis, country_of_origin, language) VALUES (8, 'Interstellar', 2014, 169, 'A team of astronauts travels through a wormhole near Saturn in search of a new home for humanity as Earth faces ecological collapse.', 'USA', 'English');
INSERT INTO Movie (movie_id, title, release_year, runtime_minutes, synopsis, country_of_origin, language) VALUES (9, 'The Matrix', 1999, 136, 'A computer hacker discovers that reality is a simulated world controlled by machines and joins a rebellion to free humanity.', 'USA', 'English');
INSERT INTO Movie (movie_id, title, release_year, runtime_minutes, synopsis, country_of_origin, language) VALUES (10, 'Schindler''s List', 1993, 195, 'A German businessman saves over a thousand Jewish refugees during the Holocaust by employing them in his factories.', 'USA', 'English');
INSERT INTO Movie (movie_id, title, release_year, runtime_minutes, synopsis, country_of_origin, language) VALUES (11, 'Forrest Gump', 1994, 142, 'A simple man with a low IQ unwittingly influences several historic events in 20th century America while searching for his childhood sweetheart.', 'USA', 'English');
INSERT INTO Movie (movie_id, title, release_year, runtime_minutes, synopsis, country_of_origin, language) VALUES (12, 'Fight Club', 1999, 139, 'An insomniac office worker and a soap salesman form an underground fight club that evolves into something much more dangerous.', 'USA', 'English');
INSERT INTO Movie (movie_id, title, release_year, runtime_minutes, synopsis, country_of_origin, language) VALUES (13, 'The Lord of the Rings: The Fellowship of the Ring', 2001, 178, 'A hobbit and a fellowship of heroes embark on a quest to destroy a powerful ring and save Middle-earth from the Dark Lord Sauron.', 'New Zealand', 'English');
INSERT INTO Movie (movie_id, title, release_year, runtime_minutes, synopsis, country_of_origin, language) VALUES (14, 'Goodfellas', 1990, 146, 'The rise and fall of a mob associate and his friends in the Italian-American crime syndicate spanning three decades.', 'USA', 'English');
INSERT INTO Movie (movie_id, title, release_year, runtime_minutes, synopsis, country_of_origin, language) VALUES (15, 'The Silence of the Lambs', 1991, 118, 'A young FBI trainee seeks the help of an imprisoned cannibalistic serial killer to catch another serial killer on the loose.', 'USA', 'English');
INSERT INTO Movie (movie_id, title, release_year, runtime_minutes, synopsis, country_of_origin, language) VALUES (16, 'Gladiator', 2000, 155, 'A betrayed Roman general is reduced to slavery and rises through the ranks of gladiatorial combat to avenge the murder of his family.', 'USA', 'English');
INSERT INTO Movie (movie_id, title, release_year, runtime_minutes, synopsis, country_of_origin, language) VALUES (17, 'Amelie', 2001, 122, 'A shy Parisian waitress decides to change the lives of those around her for the better while struggling with her own isolation.', 'France', 'French');
INSERT INTO Movie (movie_id, title, release_year, runtime_minutes, synopsis, country_of_origin, language) VALUES (18, 'City of God', 2002, 130, 'Two boys growing up in a violent neighborhood of Rio de Janeiro take different paths: one becomes a photographer, the other a drug dealer.', 'Brazil', 'Portuguese');
INSERT INTO Movie (movie_id, title, release_year, runtime_minutes, synopsis, country_of_origin, language) VALUES (19, 'The Grand Budapest Hotel', 2014, 99, 'A legendary concierge at a famous European hotel and his trusted lobby boy are framed for murder and must prove their innocence.', 'USA', 'English');
INSERT INTO Movie (movie_id, title, release_year, runtime_minutes, synopsis, country_of_origin, language) VALUES (20, 'Mad Max: Fury Road', 2015, 120, 'In a post-apocalyptic wasteland, a woman rebels against a tyrannical ruler with the help of a drifter and a group of female prisoners.', 'Australia', 'English');
INSERT INTO Movie (movie_id, title, release_year, runtime_minutes, synopsis, country_of_origin, language) VALUES (21, 'Whiplash', 2014, 106, 'A young jazz drummer enrolls at a cutthroat conservatory where an abusive instructor pushes him beyond his limits.', 'USA', 'English');
INSERT INTO Movie (movie_id, title, release_year, runtime_minutes, synopsis, country_of_origin, language) VALUES (22, 'Get Out', 2017, 104, 'A young Black man visits his white girlfriend''s family estate and uncovers a disturbing secret about the community.', 'USA', 'English');
INSERT INTO Movie (movie_id, title, release_year, runtime_minutes, synopsis, country_of_origin, language) VALUES (23, 'Coco', 2017, 105, 'A boy who dreams of being a musician journeys to the Land of the Dead to find his great-great-grandfather and uncover his family history.', 'USA', 'English');
INSERT INTO Movie (movie_id, title, release_year, runtime_minutes, synopsis, country_of_origin, language) VALUES (24, 'Pan''s Labyrinth', 2006, 118, 'In post-Civil War Spain, a young girl escapes into a dark fairy tale world while her stepfather hunts anti-fascist rebels.', 'Mexico', 'Spanish');
INSERT INTO Movie (movie_id, title, release_year, runtime_minutes, synopsis, country_of_origin, language) VALUES (25, 'No Country for Old Men', 2007, 122, 'A hunter stumbles upon a drug deal gone wrong and takes the money, setting off a violent chain of events involving a relentless killer.', 'USA', 'English');
INSERT INTO Movie (movie_id, title, release_year, runtime_minutes, synopsis, country_of_origin, language) VALUES (26, 'The Social Network', 2010, 120, 'The founding of Facebook leads to personal and legal complications for its creator and his former friends.', 'USA', 'English');
INSERT INTO Movie (movie_id, title, release_year, runtime_minutes, synopsis, country_of_origin, language) VALUES (27, 'Blade Runner 2049', 2017, 164, 'A young blade runner uncovers a long-buried secret that leads him to track down a former blade runner who has been missing for decades.', 'USA', 'English');
INSERT INTO Movie (movie_id, title, release_year, runtime_minutes, synopsis, country_of_origin, language) VALUES (28, 'Everything Everywhere All at Once', 2022, 139, 'A middle-aged Chinese immigrant is swept up in an insane adventure where she must connect with parallel universe versions of herself to save the multiverse.', 'USA', 'English');
INSERT INTO Movie (movie_id, title, release_year, runtime_minutes, synopsis, country_of_origin, language) VALUES (29, 'La La Land', 2016, 128, 'A jazz pianist and an aspiring actress fall in love while pursuing their dreams in Los Angeles.', 'USA', 'English');
INSERT INTO Movie (movie_id, title, release_year, runtime_minutes, synopsis, country_of_origin, language) VALUES (30, 'The Departed', 2006, 151, 'An undercover cop and a mole in the police attempt to identify each other while infiltrating an Irish gang in Boston.', 'USA', 'English');
INSERT INTO Movie (movie_id, title, release_year, runtime_minutes, synopsis, country_of_origin, language) VALUES (31, 'Alien', 1979, 117, 'The crew of a commercial spacecraft encounters a deadly extraterrestrial creature after investigating a distress signal on an uncharted planet.', 'USA', 'English');
INSERT INTO Movie (movie_id, title, release_year, runtime_minutes, synopsis, country_of_origin, language) VALUES (32, 'Django Unchained', 2012, 165, 'A freed slave teams up with a German bounty hunter to rescue his wife from a brutal plantation owner in the antebellum South.', 'USA', 'English');
INSERT INTO Movie (movie_id, title, release_year, runtime_minutes, synopsis, country_of_origin, language) VALUES (33, 'The Truman Show', 1998, 103, 'A man discovers his entire life is a constructed reality television show broadcast to millions of viewers worldwide.', 'USA', 'English');
INSERT INTO Movie (movie_id, title, release_year, runtime_minutes, synopsis, country_of_origin, language) VALUES (34, 'Oldboy', 2003, 120, 'A man imprisoned for 15 years without explanation is suddenly released and given five days to find his captor.', 'South Korea', 'Korean');
INSERT INTO Movie (movie_id, title, release_year, runtime_minutes, synopsis, country_of_origin, language) VALUES (35, 'WALL-E', 2008, 98, 'A lonely waste-collecting robot on a deserted Earth meets a sleek reconnaissance robot and follows her across the galaxy.', 'USA', 'English');
INSERT INTO Movie (movie_id, title, release_year, runtime_minutes, synopsis, country_of_origin, language) VALUES (36, 'The Prestige', 2006, 130, 'Two rival magicians in Victorian-era London engage in a bitter competition, each trying to outdo the other with increasingly dangerous tricks.', 'USA', 'English');
INSERT INTO Movie (movie_id, title, release_year, runtime_minutes, synopsis, country_of_origin, language) VALUES (37, 'Life Is Beautiful', 1997, 116, 'An Italian Jewish man uses humor and imagination to shield his young son from the horrors of a Nazi concentration camp.', 'Italy', 'Italian');
INSERT INTO Movie (movie_id, title, release_year, runtime_minutes, synopsis, country_of_origin, language) VALUES (38, 'Moonlight', 2016, 111, 'A young Black man growing up in Miami grapples with his identity and sexuality across three defining chapters of his life.', 'USA', 'English');
INSERT INTO Movie (movie_id, title, release_year, runtime_minutes, synopsis, country_of_origin, language) VALUES (39, 'Jurassic Park', 1993, 127, 'A theme park showcasing genetically engineered dinosaurs turns deadly when the creatures break free during a security failure.', 'USA', 'English');
INSERT INTO Movie (movie_id, title, release_year, runtime_minutes, synopsis, country_of_origin, language) VALUES (40, 'The Shining', 1980, 146, 'A family heads to an isolated hotel for the winter where a sinister presence drives the father into violent madness.', 'USA', 'English');
INSERT INTO Movie (movie_id, title, release_year, runtime_minutes, synopsis, country_of_origin, language) VALUES (41, 'Harry Potter and the Sorcerer''s Stone', 2001, 152, 'An orphaned boy discovers he is a wizard on his eleventh birthday and enrolls at Hogwarts School of Witchcraft and Wizardry, where he uncovers the truth about his parents and a dark force seeking to return to power.', 'UK', 'English');
INSERT INTO Movie (movie_id, title, release_year, runtime_minutes, synopsis, country_of_origin, language) VALUES (42, '28 Days Later', 2002, 113, 'A man wakes from a coma to find London deserted after a rage-inducing virus decimates the population. He joins a small group of survivors searching for safety.', 'UK', 'English');
INSERT INTO Movie (movie_id, title, release_year, runtime_minutes, synopsis, country_of_origin, language) VALUES (43, 'The King''s Speech', 2010, 118, 'The newly crowned King George VI struggles with a debilitating stammer and enlists the help of an unorthodox speech therapist to find his voice and lead his country through World War II.', 'UK', 'English');

-- =============================================================
-- MovieGenre (138 rows)
-- =============================================================

INSERT INTO MovieGenre (movie_id, genre_id) VALUES (1, 5);
INSERT INTO MovieGenre (movie_id, genre_id) VALUES (1, 1);
INSERT INTO MovieGenre (movie_id, genre_id) VALUES (1, 7);
INSERT INTO MovieGenre (movie_id, genre_id) VALUES (1, 11);
INSERT INTO MovieGenre (movie_id, genre_id) VALUES (2, 7);
INSERT INTO MovieGenre (movie_id, genre_id) VALUES (2, 3);
INSERT INTO MovieGenre (movie_id, genre_id) VALUES (2, 2);
INSERT INTO MovieGenre (movie_id, genre_id) VALUES (2, 11);
INSERT INTO MovieGenre (movie_id, genre_id) VALUES (3, 1);
INSERT INTO MovieGenre (movie_id, genre_id) VALUES (3, 13);
INSERT INTO MovieGenre (movie_id, genre_id) VALUES (3, 3);
INSERT INTO MovieGenre (movie_id, genre_id) VALUES (3, 7);
INSERT INTO MovieGenre (movie_id, genre_id) VALUES (4, 9);
INSERT INTO MovieGenre (movie_id, genre_id) VALUES (4, 10);
INSERT INTO MovieGenre (movie_id, genre_id) VALUES (4, 12);
INSERT INTO MovieGenre (movie_id, genre_id) VALUES (4, 3);
INSERT INTO MovieGenre (movie_id, genre_id) VALUES (5, 13);
INSERT INTO MovieGenre (movie_id, genre_id) VALUES (5, 3);
INSERT INTO MovieGenre (movie_id, genre_id) VALUES (5, 7);
INSERT INTO MovieGenre (movie_id, genre_id) VALUES (6, 13);
INSERT INTO MovieGenre (movie_id, genre_id) VALUES (6, 3);
INSERT INTO MovieGenre (movie_id, genre_id) VALUES (6, 7);
INSERT INTO MovieGenre (movie_id, genre_id) VALUES (6, 11);
INSERT INTO MovieGenre (movie_id, genre_id) VALUES (7, 3);
INSERT INTO MovieGenre (movie_id, genre_id) VALUES (7, 13);
INSERT INTO MovieGenre (movie_id, genre_id) VALUES (7, 11);
INSERT INTO MovieGenre (movie_id, genre_id) VALUES (8, 5);
INSERT INTO MovieGenre (movie_id, genre_id) VALUES (8, 12);
INSERT INTO MovieGenre (movie_id, genre_id) VALUES (8, 3);
INSERT INTO MovieGenre (movie_id, genre_id) VALUES (8, 11);
INSERT INTO MovieGenre (movie_id, genre_id) VALUES (9, 5);
INSERT INTO MovieGenre (movie_id, genre_id) VALUES (9, 1);
INSERT INTO MovieGenre (movie_id, genre_id) VALUES (9, 7);
INSERT INTO MovieGenre (movie_id, genre_id) VALUES (10, 3);
INSERT INTO MovieGenre (movie_id, genre_id) VALUES (10, 11);
INSERT INTO MovieGenre (movie_id, genre_id) VALUES (10, 8);
INSERT INTO MovieGenre (movie_id, genre_id) VALUES (11, 3);
INSERT INTO MovieGenre (movie_id, genre_id) VALUES (11, 6);
INSERT INTO MovieGenre (movie_id, genre_id) VALUES (11, 2);
INSERT INTO MovieGenre (movie_id, genre_id) VALUES (11, 12);
INSERT INTO MovieGenre (movie_id, genre_id) VALUES (12, 3);
INSERT INTO MovieGenre (movie_id, genre_id) VALUES (12, 7);
INSERT INTO MovieGenre (movie_id, genre_id) VALUES (12, 11);
INSERT INTO MovieGenre (movie_id, genre_id) VALUES (13, 10);
INSERT INTO MovieGenre (movie_id, genre_id) VALUES (13, 12);
INSERT INTO MovieGenre (movie_id, genre_id) VALUES (13, 1);
INSERT INTO MovieGenre (movie_id, genre_id) VALUES (13, 3);
INSERT INTO MovieGenre (movie_id, genre_id) VALUES (14, 13);
INSERT INTO MovieGenre (movie_id, genre_id) VALUES (14, 3);
INSERT INTO MovieGenre (movie_id, genre_id) VALUES (14, 7);
INSERT INTO MovieGenre (movie_id, genre_id) VALUES (15, 7);
INSERT INTO MovieGenre (movie_id, genre_id) VALUES (15, 13);
INSERT INTO MovieGenre (movie_id, genre_id) VALUES (15, 4);
INSERT INTO MovieGenre (movie_id, genre_id) VALUES (15, 3);
INSERT INTO MovieGenre (movie_id, genre_id) VALUES (16, 1);
INSERT INTO MovieGenre (movie_id, genre_id) VALUES (16, 12);
INSERT INTO MovieGenre (movie_id, genre_id) VALUES (16, 3);
INSERT INTO MovieGenre (movie_id, genre_id) VALUES (16, 7);
INSERT INTO MovieGenre (movie_id, genre_id) VALUES (17, 6);
INSERT INTO MovieGenre (movie_id, genre_id) VALUES (17, 2);
INSERT INTO MovieGenre (movie_id, genre_id) VALUES (17, 10);
INSERT INTO MovieGenre (movie_id, genre_id) VALUES (18, 13);
INSERT INTO MovieGenre (movie_id, genre_id) VALUES (18, 3);
INSERT INTO MovieGenre (movie_id, genre_id) VALUES (18, 7);
INSERT INTO MovieGenre (movie_id, genre_id) VALUES (19, 2);
INSERT INTO MovieGenre (movie_id, genre_id) VALUES (19, 12);
INSERT INTO MovieGenre (movie_id, genre_id) VALUES (19, 13);
INSERT INTO MovieGenre (movie_id, genre_id) VALUES (20, 1);
INSERT INTO MovieGenre (movie_id, genre_id) VALUES (20, 12);
INSERT INTO MovieGenre (movie_id, genre_id) VALUES (20, 5);
INSERT INTO MovieGenre (movie_id, genre_id) VALUES (21, 3);
INSERT INTO MovieGenre (movie_id, genre_id) VALUES (21, 14);
INSERT INTO MovieGenre (movie_id, genre_id) VALUES (21, 7);
INSERT INTO MovieGenre (movie_id, genre_id) VALUES (22, 4);
INSERT INTO MovieGenre (movie_id, genre_id) VALUES (22, 7);
INSERT INTO MovieGenre (movie_id, genre_id) VALUES (22, 11);
INSERT INTO MovieGenre (movie_id, genre_id) VALUES (23, 9);
INSERT INTO MovieGenre (movie_id, genre_id) VALUES (23, 10);
INSERT INTO MovieGenre (movie_id, genre_id) VALUES (23, 14);
INSERT INTO MovieGenre (movie_id, genre_id) VALUES (24, 10);
INSERT INTO MovieGenre (movie_id, genre_id) VALUES (24, 3);
INSERT INTO MovieGenre (movie_id, genre_id) VALUES (24, 4);
INSERT INTO MovieGenre (movie_id, genre_id) VALUES (25, 7);
INSERT INTO MovieGenre (movie_id, genre_id) VALUES (25, 13);
INSERT INTO MovieGenre (movie_id, genre_id) VALUES (25, 15);
INSERT INTO MovieGenre (movie_id, genre_id) VALUES (26, 3);
INSERT INTO MovieGenre (movie_id, genre_id) VALUES (26, 8);
INSERT INTO MovieGenre (movie_id, genre_id) VALUES (26, 11);
INSERT INTO MovieGenre (movie_id, genre_id) VALUES (27, 5);
INSERT INTO MovieGenre (movie_id, genre_id) VALUES (27, 7);
INSERT INTO MovieGenre (movie_id, genre_id) VALUES (27, 11);
INSERT INTO MovieGenre (movie_id, genre_id) VALUES (28, 5);
INSERT INTO MovieGenre (movie_id, genre_id) VALUES (28, 1);
INSERT INTO MovieGenre (movie_id, genre_id) VALUES (28, 2);
INSERT INTO MovieGenre (movie_id, genre_id) VALUES (29, 6);
INSERT INTO MovieGenre (movie_id, genre_id) VALUES (29, 14);
INSERT INTO MovieGenre (movie_id, genre_id) VALUES (29, 3);
INSERT INTO MovieGenre (movie_id, genre_id) VALUES (30, 13);
INSERT INTO MovieGenre (movie_id, genre_id) VALUES (30, 7);
INSERT INTO MovieGenre (movie_id, genre_id) VALUES (30, 3);
INSERT INTO MovieGenre (movie_id, genre_id) VALUES (31, 5);
INSERT INTO MovieGenre (movie_id, genre_id) VALUES (31, 4);
INSERT INTO MovieGenre (movie_id, genre_id) VALUES (31, 7);
INSERT INTO MovieGenre (movie_id, genre_id) VALUES (32, 15);
INSERT INTO MovieGenre (movie_id, genre_id) VALUES (32, 3);
INSERT INTO MovieGenre (movie_id, genre_id) VALUES (32, 1);
INSERT INTO MovieGenre (movie_id, genre_id) VALUES (33, 3);
INSERT INTO MovieGenre (movie_id, genre_id) VALUES (33, 2);
INSERT INTO MovieGenre (movie_id, genre_id) VALUES (33, 5);
INSERT INTO MovieGenre (movie_id, genre_id) VALUES (33, 11);
INSERT INTO MovieGenre (movie_id, genre_id) VALUES (34, 7);
INSERT INTO MovieGenre (movie_id, genre_id) VALUES (34, 11);
INSERT INTO MovieGenre (movie_id, genre_id) VALUES (34, 1);
INSERT INTO MovieGenre (movie_id, genre_id) VALUES (35, 9);
INSERT INTO MovieGenre (movie_id, genre_id) VALUES (35, 5);
INSERT INTO MovieGenre (movie_id, genre_id) VALUES (35, 12);
INSERT INTO MovieGenre (movie_id, genre_id) VALUES (36, 11);
INSERT INTO MovieGenre (movie_id, genre_id) VALUES (36, 7);
INSERT INTO MovieGenre (movie_id, genre_id) VALUES (36, 3);
INSERT INTO MovieGenre (movie_id, genre_id) VALUES (37, 3);
INSERT INTO MovieGenre (movie_id, genre_id) VALUES (37, 2);
INSERT INTO MovieGenre (movie_id, genre_id) VALUES (37, 6);
INSERT INTO MovieGenre (movie_id, genre_id) VALUES (38, 3);
INSERT INTO MovieGenre (movie_id, genre_id) VALUES (38, 6);
INSERT INTO MovieGenre (movie_id, genre_id) VALUES (38, 8);
INSERT INTO MovieGenre (movie_id, genre_id) VALUES (39, 5);
INSERT INTO MovieGenre (movie_id, genre_id) VALUES (39, 12);
INSERT INTO MovieGenre (movie_id, genre_id) VALUES (39, 1);
INSERT INTO MovieGenre (movie_id, genre_id) VALUES (40, 4);
INSERT INTO MovieGenre (movie_id, genre_id) VALUES (40, 7);
INSERT INTO MovieGenre (movie_id, genre_id) VALUES (40, 11);
INSERT INTO MovieGenre (movie_id, genre_id) VALUES (41, 10);
INSERT INTO MovieGenre (movie_id, genre_id) VALUES (41, 12);
INSERT INTO MovieGenre (movie_id, genre_id) VALUES (41, 11);
INSERT INTO MovieGenre (movie_id, genre_id) VALUES (42, 4);
INSERT INTO MovieGenre (movie_id, genre_id) VALUES (42, 7);
INSERT INTO MovieGenre (movie_id, genre_id) VALUES (42, 5);
INSERT INTO MovieGenre (movie_id, genre_id) VALUES (43, 3);

-- =============================================================
-- User (40 rows)
-- =============================================================

INSERT INTO `User` (user_id, username, email, password_hash, role, join_date, status) VALUES (1, 'betty_nelson', 'bettynelson@hotmail.com', '$2b$12$LJ3m4ys3Lk0TBMqVtZZKeuNOd6v2nPzuBsQ3Jq.MHgTvWMFpCKWi6', 'casual', '2025-03-03', 'active');
INSERT INTO `User` (user_id, username, email, password_hash, role, join_date, status) VALUES (2, 'nancy_adams', 'nancyadams@mail.com', '$2b$12$LJ3m4ys3Lk0TBMqVtZZKeuNOd6v2nPzuBsQ3Jq.MHgTvWMFpCKWi6', 'casual', '2025-07-28', 'active');
INSERT INTO `User` (user_id, username, email, password_hash, role, join_date, status) VALUES (3, 'karen_wilson', 'karenwilson@hotmail.com', '$2b$12$LJ3m4ys3Lk0TBMqVtZZKeuNOd6v2nPzuBsQ3Jq.MHgTvWMFpCKWi6', 'casual', '2025-11-11', 'active');
INSERT INTO `User` (user_id, username, email, password_hash, role, join_date, status) VALUES (4, 'barbara_martinez', 'barbara_martinez@zoho.com', '$2b$12$LJ3m4ys3Lk0TBMqVtZZKeuNOd6v2nPzuBsQ3Jq.MHgTvWMFpCKWi6', 'casual', '2025-12-04', 'active');
INSERT INTO `User` (user_id, username, email, password_hash, role, join_date, status) VALUES (5, 'john_martin', 'johnmartin@outlook.com', '$2b$12$LJ3m4ys3Lk0TBMqVtZZKeuNOd6v2nPzuBsQ3Jq.MHgTvWMFpCKWi6', 'casual', '2025-09-02', 'active');
INSERT INTO `User` (user_id, username, email, password_hash, role, join_date, status) VALUES (6, 'amanda_robinson', 'amanda.robinson@yahoo.com', '$2b$12$LJ3m4ys3Lk0TBMqVtZZKeuNOd6v2nPzuBsQ3Jq.MHgTvWMFpCKWi6', 'casual', '2026-01-17', 'active');
INSERT INTO `User` (user_id, username, email, password_hash, role, join_date, status) VALUES (7, 'mark_johnson', 'markjohnson@mail.com', '$2b$12$LJ3m4ys3Lk0TBMqVtZZKeuNOd6v2nPzuBsQ3Jq.MHgTvWMFpCKWi6', 'casual', '2024-06-20', 'active');
INSERT INTO `User` (user_id, username, email, password_hash, role, join_date, status) VALUES (8, 'elizabeth_smith', 'elizabethsmith@aol.com', '$2b$12$LJ3m4ys3Lk0TBMqVtZZKeuNOd6v2nPzuBsQ3Jq.MHgTvWMFpCKWi6', 'casual', '2024-12-29', 'inactive');
INSERT INTO `User` (user_id, username, email, password_hash, role, join_date, status) VALUES (9, 'sandra_thomas', 'sandrathomas@gmail.com', '$2b$12$LJ3m4ys3Lk0TBMqVtZZKeuNOd6v2nPzuBsQ3Jq.MHgTvWMFpCKWi6', 'casual', '2024-08-11', 'active');
INSERT INTO `User` (user_id, username, email, password_hash, role, join_date, status) VALUES (10, 'thomas_brown', 'thomas.brown@icloud.com', '$2b$12$LJ3m4ys3Lk0TBMqVtZZKeuNOd6v2nPzuBsQ3Jq.MHgTvWMFpCKWi6', 'casual', '2025-02-10', 'active');
INSERT INTO `User` (user_id, username, email, password_hash, role, join_date, status) VALUES (11, 'ashley_lewis', 'ashleylewis@gmail.com', '$2b$12$LJ3m4ys3Lk0TBMqVtZZKeuNOd6v2nPzuBsQ3Jq.MHgTvWMFpCKWi6', 'enthusiast', '2025-01-10', 'active');
INSERT INTO `User` (user_id, username, email, password_hash, role, join_date, status) VALUES (12, 'lisa_hernandez', 'lisa.hernandez@fastmail.com', '$2b$12$LJ3m4ys3Lk0TBMqVtZZKeuNOd6v2nPzuBsQ3Jq.MHgTvWMFpCKWi6', 'enthusiast', '2026-01-15', 'active');
INSERT INTO `User` (user_id, username, email, password_hash, role, join_date, status) VALUES (13, 'richard_hill', 'richardhill@fastmail.com', '$2b$12$LJ3m4ys3Lk0TBMqVtZZKeuNOd6v2nPzuBsQ3Jq.MHgTvWMFpCKWi6', 'enthusiast', '2024-11-04', 'active');
INSERT INTO `User` (user_id, username, email, password_hash, role, join_date, status) VALUES (14, 'patricia_thompson', 'patriciathompson@outlook.com', '$2b$12$LJ3m4ys3Lk0TBMqVtZZKeuNOd6v2nPzuBsQ3Jq.MHgTvWMFpCKWi6', 'enthusiast', '2025-10-10', 'active');
INSERT INTO `User` (user_id, username, email, password_hash, role, join_date, status) VALUES (15, 'donna_taylor', 'donna.taylor@aol.com', '$2b$12$LJ3m4ys3Lk0TBMqVtZZKeuNOd6v2nPzuBsQ3Jq.MHgTvWMFpCKWi6', 'enthusiast', '2024-08-08', 'inactive');
INSERT INTO `User` (user_id, username, email, password_hash, role, join_date, status) VALUES (16, 'kenneth_rivera', 'kenneth.rivera@protonmail.com', '$2b$12$LJ3m4ys3Lk0TBMqVtZZKeuNOd6v2nPzuBsQ3Jq.MHgTvWMFpCKWi6', 'enthusiast', '2024-06-13', 'inactive');
INSERT INTO `User` (user_id, username, email, password_hash, role, join_date, status) VALUES (17, 'william_carter', 'william.carter@yahoo.com', '$2b$12$LJ3m4ys3Lk0TBMqVtZZKeuNOd6v2nPzuBsQ3Jq.MHgTvWMFpCKWi6', 'enthusiast', '2025-08-25', 'banned');
INSERT INTO `User` (user_id, username, email, password_hash, role, join_date, status) VALUES (18, 'anthony_moore', 'anthony.moore@fastmail.com', '$2b$12$LJ3m4ys3Lk0TBMqVtZZKeuNOd6v2nPzuBsQ3Jq.MHgTvWMFpCKWi6', 'enthusiast', '2024-08-25', 'inactive');
INSERT INTO `User` (user_id, username, email, password_hash, role, join_date, status) VALUES (19, 'kimberly_sanchez', 'kimberly_sanchez@outlook.com', '$2b$12$LJ3m4ys3Lk0TBMqVtZZKeuNOd6v2nPzuBsQ3Jq.MHgTvWMFpCKWi6', 'enthusiast', '2025-10-08', 'active');
INSERT INTO `User` (user_id, username, email, password_hash, role, join_date, status) VALUES (20, 'james_nguyen', 'jamesnguyen@hotmail.com', '$2b$12$LJ3m4ys3Lk0TBMqVtZZKeuNOd6v2nPzuBsQ3Jq.MHgTvWMFpCKWi6', 'enthusiast', '2026-03-22', 'active');
INSERT INTO `User` (user_id, username, email, password_hash, role, join_date, status) VALUES (21, 'carol_walker', 'carolwalker@mail.com', '$2b$12$LJ3m4ys3Lk0TBMqVtZZKeuNOd6v2nPzuBsQ3Jq.MHgTvWMFpCKWi6', 'admin', '2026-02-10', 'active');
INSERT INTO `User` (user_id, username, email, password_hash, role, join_date, status) VALUES (22, 'charles_perez', 'charles_perez@fastmail.com', '$2b$12$LJ3m4ys3Lk0TBMqVtZZKeuNOd6v2nPzuBsQ3Jq.MHgTvWMFpCKWi6', 'admin', '2024-08-16', 'active');
INSERT INTO `User` (user_id, username, email, password_hash, role, join_date, status) VALUES (23, 'dorothy_allen', 'dorothy.allen@icloud.com', '$2b$12$LJ3m4ys3Lk0TBMqVtZZKeuNOd6v2nPzuBsQ3Jq.MHgTvWMFpCKWi6', 'admin', '2025-12-09', 'active');
INSERT INTO `User` (user_id, username, email, password_hash, role, join_date, status) VALUES (24, 'ronald_young', 'ronald.young@hotmail.com', '$2b$12$LJ3m4ys3Lk0TBMqVtZZKeuNOd6v2nPzuBsQ3Jq.MHgTvWMFpCKWi6', 'admin', '2024-06-27', 'active');
INSERT INTO `User` (user_id, username, email, password_hash, role, join_date, status) VALUES (25, 'michelle_ramirez', 'michelle.ramirez@yahoo.com', '$2b$12$LJ3m4ys3Lk0TBMqVtZZKeuNOd6v2nPzuBsQ3Jq.MHgTvWMFpCKWi6', 'admin', '2025-03-19', 'active');
INSERT INTO `User` (user_id, username, email, password_hash, role, join_date, status) VALUES (26, 'steven_roberts', 'stevenroberts@protonmail.com', '$2b$12$LJ3m4ys3Lk0TBMqVtZZKeuNOd6v2nPzuBsQ3Jq.MHgTvWMFpCKWi6', 'admin', '2025-08-25', 'active');
INSERT INTO `User` (user_id, username, email, password_hash, role, join_date, status) VALUES (27, 'donald_lopez', 'donaldlopez@zoho.com', '$2b$12$LJ3m4ys3Lk0TBMqVtZZKeuNOd6v2nPzuBsQ3Jq.MHgTvWMFpCKWi6', 'admin', '2025-08-12', 'active');
INSERT INTO `User` (user_id, username, email, password_hash, role, join_date, status) VALUES (28, 'daniel_clark', 'daniel.clark@mail.com', '$2b$12$LJ3m4ys3Lk0TBMqVtZZKeuNOd6v2nPzuBsQ3Jq.MHgTvWMFpCKWi6', 'admin', '2024-07-20', 'active');
INSERT INTO `User` (user_id, username, email, password_hash, role, join_date, status) VALUES (29, 'matthew_lee', 'matthew_lee@icloud.com', '$2b$12$LJ3m4ys3Lk0TBMqVtZZKeuNOd6v2nPzuBsQ3Jq.MHgTvWMFpCKWi6', 'admin', '2025-06-10', 'inactive');
INSERT INTO `User` (user_id, username, email, password_hash, role, join_date, status) VALUES (30, 'brian_king', 'brianking@gmail.com', '$2b$12$LJ3m4ys3Lk0TBMqVtZZKeuNOd6v2nPzuBsQ3Jq.MHgTvWMFpCKWi6', 'admin', '2026-02-14', 'active');
INSERT INTO `User` (user_id, username, email, password_hash, role, join_date, status) VALUES (31, 'timothy_rodriguez', 'timothyrodriguez@mail.com', '$2b$12$LJ3m4ys3Lk0TBMqVtZZKeuNOd6v2nPzuBsQ3Jq.MHgTvWMFpCKWi6', 'analyst', '2025-03-28', 'active');
INSERT INTO `User` (user_id, username, email, password_hash, role, join_date, status) VALUES (32, 'joshua_mitchell', 'joshuamitchell@hotmail.com', '$2b$12$LJ3m4ys3Lk0TBMqVtZZKeuNOd6v2nPzuBsQ3Jq.MHgTvWMFpCKWi6', 'analyst', '2025-07-18', 'active');
INSERT INTO `User` (user_id, username, email, password_hash, role, join_date, status) VALUES (33, 'andrew_miller', 'andrew_miller@protonmail.com', '$2b$12$LJ3m4ys3Lk0TBMqVtZZKeuNOd6v2nPzuBsQ3Jq.MHgTvWMFpCKWi6', 'analyst', '2024-12-26', 'active');
INSERT INTO `User` (user_id, username, email, password_hash, role, join_date, status) VALUES (34, 'george_baker', 'george.baker@fastmail.com', '$2b$12$LJ3m4ys3Lk0TBMqVtZZKeuNOd6v2nPzuBsQ3Jq.MHgTvWMFpCKWi6', 'analyst', '2024-06-06', 'banned');
INSERT INTO `User` (user_id, username, email, password_hash, role, join_date, status) VALUES (35, 'susan_campbell', 'susan.campbell@gmail.com', '$2b$12$LJ3m4ys3Lk0TBMqVtZZKeuNOd6v2nPzuBsQ3Jq.MHgTvWMFpCKWi6', 'analyst', '2024-12-13', 'active');
INSERT INTO `User` (user_id, username, email, password_hash, role, join_date, status) VALUES (36, 'deborah_hall', 'deborah.hall@aol.com', '$2b$12$LJ3m4ys3Lk0TBMqVtZZKeuNOd6v2nPzuBsQ3Jq.MHgTvWMFpCKWi6', 'analyst', '2025-05-30', 'active');
INSERT INTO `User` (user_id, username, email, password_hash, role, join_date, status) VALUES (37, 'melissa_anderson', 'melissa_anderson@gmail.com', '$2b$12$LJ3m4ys3Lk0TBMqVtZZKeuNOd6v2nPzuBsQ3Jq.MHgTvWMFpCKWi6', 'analyst', '2025-01-12', 'active');
INSERT INTO `User` (user_id, username, email, password_hash, role, join_date, status) VALUES (38, 'robert_williams', 'robertwilliams@fastmail.com', '$2b$12$LJ3m4ys3Lk0TBMqVtZZKeuNOd6v2nPzuBsQ3Jq.MHgTvWMFpCKWi6', 'analyst', '2025-08-26', 'active');
INSERT INTO `User` (user_id, username, email, password_hash, role, join_date, status) VALUES (39, 'margaret_jones', 'margaret.jones@hotmail.com', '$2b$12$LJ3m4ys3Lk0TBMqVtZZKeuNOd6v2nPzuBsQ3Jq.MHgTvWMFpCKWi6', 'analyst', '2025-11-30', 'active');
INSERT INTO `User` (user_id, username, email, password_hash, role, join_date, status) VALUES (40, 'emily_gonzalez', 'emily.gonzalez@icloud.com', '$2b$12$LJ3m4ys3Lk0TBMqVtZZKeuNOd6v2nPzuBsQ3Jq.MHgTvWMFpCKWi6', 'analyst', '2024-06-06', 'active');

-- =============================================================
-- WatchHistory (85 rows)
-- =============================================================

INSERT INTO WatchHistory (history_id, user_id, movie_id, watched_date) VALUES (1, 34, 11, '2024-06-13');
INSERT INTO WatchHistory (history_id, user_id, movie_id, watched_date) VALUES (2, 6, 12, '2024-06-25');
INSERT INTO WatchHistory (history_id, user_id, movie_id, watched_date) VALUES (3, 5, 16, '2025-06-02');
INSERT INTO WatchHistory (history_id, user_id, movie_id, watched_date) VALUES (4, 37, 16, '2025-11-29');
INSERT INTO WatchHistory (history_id, user_id, movie_id, watched_date) VALUES (5, 3, 40, '2024-07-08');
INSERT INTO WatchHistory (history_id, user_id, movie_id, watched_date) VALUES (6, 38, 37, '2025-10-02');
INSERT INTO WatchHistory (history_id, user_id, movie_id, watched_date) VALUES (7, 17, 14, '2026-03-01');
INSERT INTO WatchHistory (history_id, user_id, movie_id, watched_date) VALUES (8, 16, 17, '2025-05-25');
INSERT INTO WatchHistory (history_id, user_id, movie_id, watched_date) VALUES (9, 20, 30, '2025-03-04');
INSERT INTO WatchHistory (history_id, user_id, movie_id, watched_date) VALUES (10, 1, 30, '2026-01-12');
INSERT INTO WatchHistory (history_id, user_id, movie_id, watched_date) VALUES (11, 7, 5, '2025-10-17');
INSERT INTO WatchHistory (history_id, user_id, movie_id, watched_date) VALUES (12, 33, 17, '2024-08-29');
INSERT INTO WatchHistory (history_id, user_id, movie_id, watched_date) VALUES (13, 24, 19, '2024-09-24');
INSERT INTO WatchHistory (history_id, user_id, movie_id, watched_date) VALUES (14, 35, 20, '2026-01-02');
INSERT INTO WatchHistory (history_id, user_id, movie_id, watched_date) VALUES (15, 34, 1, '2026-02-28');
INSERT INTO WatchHistory (history_id, user_id, movie_id, watched_date) VALUES (16, 20, 7, '2024-08-30');
INSERT INTO WatchHistory (history_id, user_id, movie_id, watched_date) VALUES (17, 8, 7, '2025-11-02');
INSERT INTO WatchHistory (history_id, user_id, movie_id, watched_date) VALUES (18, 18, 19, '2025-12-25');
INSERT INTO WatchHistory (history_id, user_id, movie_id, watched_date) VALUES (19, 22, 14, '2026-03-20');
INSERT INTO WatchHistory (history_id, user_id, movie_id, watched_date) VALUES (20, 17, 33, '2025-08-28');
INSERT INTO WatchHistory (history_id, user_id, movie_id, watched_date) VALUES (21, 4, 6, '2026-01-25');
INSERT INTO WatchHistory (history_id, user_id, movie_id, watched_date) VALUES (22, 18, 3, '2024-04-19');
INSERT INTO WatchHistory (history_id, user_id, movie_id, watched_date) VALUES (23, 9, 17, '2024-09-28');
INSERT INTO WatchHistory (history_id, user_id, movie_id, watched_date) VALUES (24, 36, 28, '2025-11-10');
INSERT INTO WatchHistory (history_id, user_id, movie_id, watched_date) VALUES (25, 8, 5, '2026-03-23');
INSERT INTO WatchHistory (history_id, user_id, movie_id, watched_date) VALUES (26, 35, 3, '2025-04-29');
INSERT INTO WatchHistory (history_id, user_id, movie_id, watched_date) VALUES (27, 36, 10, '2025-06-29');
INSERT INTO WatchHistory (history_id, user_id, movie_id, watched_date) VALUES (28, 3, 20, '2025-04-23');
INSERT INTO WatchHistory (history_id, user_id, movie_id, watched_date) VALUES (29, 23, 14, '2026-03-14');
INSERT INTO WatchHistory (history_id, user_id, movie_id, watched_date) VALUES (30, 7, 23, '2025-11-10');
INSERT INTO WatchHistory (history_id, user_id, movie_id, watched_date) VALUES (31, 40, 10, '2024-12-13');
INSERT INTO WatchHistory (history_id, user_id, movie_id, watched_date) VALUES (32, 12, 27, '2024-05-10');
INSERT INTO WatchHistory (history_id, user_id, movie_id, watched_date) VALUES (33, 22, 27, '2026-03-01');
INSERT INTO WatchHistory (history_id, user_id, movie_id, watched_date) VALUES (34, 18, 11, '2026-04-03');
INSERT INTO WatchHistory (history_id, user_id, movie_id, watched_date) VALUES (35, 25, 3, '2025-08-09');
INSERT INTO WatchHistory (history_id, user_id, movie_id, watched_date) VALUES (36, 13, 30, '2025-04-08');
INSERT INTO WatchHistory (history_id, user_id, movie_id, watched_date) VALUES (37, 15, 15, '2024-05-09');
INSERT INTO WatchHistory (history_id, user_id, movie_id, watched_date) VALUES (38, 26, 22, '2025-01-25');
INSERT INTO WatchHistory (history_id, user_id, movie_id, watched_date) VALUES (39, 18, 23, '2026-02-01');
INSERT INTO WatchHistory (history_id, user_id, movie_id, watched_date) VALUES (40, 26, 35, '2025-03-20');
INSERT INTO WatchHistory (history_id, user_id, movie_id, watched_date) VALUES (41, 8, 17, '2024-10-15');
INSERT INTO WatchHistory (history_id, user_id, movie_id, watched_date) VALUES (42, 17, 3, '2024-08-05');
INSERT INTO WatchHistory (history_id, user_id, movie_id, watched_date) VALUES (43, 28, 23, '2025-03-03');
INSERT INTO WatchHistory (history_id, user_id, movie_id, watched_date) VALUES (44, 39, 33, '2024-08-12');
INSERT INTO WatchHistory (history_id, user_id, movie_id, watched_date) VALUES (45, 37, 13, '2024-12-31');
INSERT INTO WatchHistory (history_id, user_id, movie_id, watched_date) VALUES (46, 28, 1, '2025-09-30');
INSERT INTO WatchHistory (history_id, user_id, movie_id, watched_date) VALUES (47, 13, 24, '2025-06-30');
INSERT INTO WatchHistory (history_id, user_id, movie_id, watched_date) VALUES (48, 22, 40, '2025-03-02');
INSERT INTO WatchHistory (history_id, user_id, movie_id, watched_date) VALUES (49, 20, 33, '2025-02-26');
INSERT INTO WatchHistory (history_id, user_id, movie_id, watched_date) VALUES (50, 21, 26, '2026-03-29');
INSERT INTO WatchHistory (history_id, user_id, movie_id, watched_date) VALUES (51, 36, 9, '2024-10-29');
INSERT INTO WatchHistory (history_id, user_id, movie_id, watched_date) VALUES (52, 25, 12, '2026-01-06');
INSERT INTO WatchHistory (history_id, user_id, movie_id, watched_date) VALUES (53, 20, 26, '2025-10-28');
INSERT INTO WatchHistory (history_id, user_id, movie_id, watched_date) VALUES (54, 20, 19, '2024-11-17');
INSERT INTO WatchHistory (history_id, user_id, movie_id, watched_date) VALUES (55, 38, 39, '2026-02-14');
INSERT INTO WatchHistory (history_id, user_id, movie_id, watched_date) VALUES (56, 30, 29, '2025-07-11');
INSERT INTO WatchHistory (history_id, user_id, movie_id, watched_date) VALUES (57, 33, 31, '2024-10-06');
INSERT INTO WatchHistory (history_id, user_id, movie_id, watched_date) VALUES (58, 6, 19, '2025-09-25');
INSERT INTO WatchHistory (history_id, user_id, movie_id, watched_date) VALUES (59, 40, 22, '2024-07-19');
INSERT INTO WatchHistory (history_id, user_id, movie_id, watched_date) VALUES (60, 20, 15, '2024-11-04');
INSERT INTO WatchHistory (history_id, user_id, movie_id, watched_date) VALUES (61, 2, 3, '2024-12-22');
INSERT INTO WatchHistory (history_id, user_id, movie_id, watched_date) VALUES (62, 40, 5, '2025-07-26');
INSERT INTO WatchHistory (history_id, user_id, movie_id, watched_date) VALUES (63, 25, 32, '2025-05-29');
INSERT INTO WatchHistory (history_id, user_id, movie_id, watched_date) VALUES (64, 10, 1, '2024-08-03');
INSERT INTO WatchHistory (history_id, user_id, movie_id, watched_date) VALUES (65, 15, 12, '2026-03-29');
INSERT INTO WatchHistory (history_id, user_id, movie_id, watched_date) VALUES (66, 30, 4, '2025-11-06');
INSERT INTO WatchHistory (history_id, user_id, movie_id, watched_date) VALUES (67, 8, 30, '2024-08-30');
INSERT INTO WatchHistory (history_id, user_id, movie_id, watched_date) VALUES (68, 34, 36, '2025-12-15');
INSERT INTO WatchHistory (history_id, user_id, movie_id, watched_date) VALUES (69, 29, 40, '2025-09-14');
INSERT INTO WatchHistory (history_id, user_id, movie_id, watched_date) VALUES (70, 36, 29, '2024-09-25');
INSERT INTO WatchHistory (history_id, user_id, movie_id, watched_date) VALUES (71, 29, 17, '2024-12-25');
INSERT INTO WatchHistory (history_id, user_id, movie_id, watched_date) VALUES (72, 18, 34, '2025-08-25');
INSERT INTO WatchHistory (history_id, user_id, movie_id, watched_date) VALUES (73, 16, 18, '2025-07-09');
INSERT INTO WatchHistory (history_id, user_id, movie_id, watched_date) VALUES (74, 19, 16, '2025-01-19');
INSERT INTO WatchHistory (history_id, user_id, movie_id, watched_date) VALUES (75, 21, 35, '2024-07-06');
INSERT INTO WatchHistory (history_id, user_id, movie_id, watched_date) VALUES (76, 1, 1, '2025-08-15');
INSERT INTO WatchHistory (history_id, user_id, movie_id, watched_date) VALUES (77, 1, 3, '2025-09-22');
INSERT INTO WatchHistory (history_id, user_id, movie_id, watched_date) VALUES (78, 1, 7, '2025-11-03');
INSERT INTO WatchHistory (history_id, user_id, movie_id, watched_date) VALUES (79, 1, 9, '2026-01-08');
INSERT INTO WatchHistory (history_id, user_id, movie_id, watched_date) VALUES (80, 1, 41, '2026-03-20');
INSERT INTO WatchHistory (history_id, user_id, movie_id, watched_date) VALUES (81, 11, 2, '2025-06-10');
INSERT INTO WatchHistory (history_id, user_id, movie_id, watched_date) VALUES (82, 11, 4, '2025-08-20');
INSERT INTO WatchHistory (history_id, user_id, movie_id, watched_date) VALUES (83, 11, 17, '2025-10-05');
INSERT INTO WatchHistory (history_id, user_id, movie_id, watched_date) VALUES (84, 11, 24, '2026-01-12');
INSERT INTO WatchHistory (history_id, user_id, movie_id, watched_date) VALUES (85, 11, 38, '2026-03-01');

-- =============================================================
-- Watchlist (50 rows)
-- =============================================================

INSERT INTO Watchlist (watchlist_id, user_id, name, created_at) VALUES (1, 1, 'Thriller Picks', '2026-03-01 16:09:53');
INSERT INTO Watchlist (watchlist_id, user_id, name, created_at) VALUES (2, 1, 'Epic Sagas', '2025-11-13 19:56:09');
INSERT INTO Watchlist (watchlist_id, user_id, name, created_at) VALUES (3, 1, 'New Releases', '2025-08-04 21:19:46');
INSERT INTO Watchlist (watchlist_id, user_id, name, created_at) VALUES (4, 2, 'Conversation Starters', '2025-04-27 18:06:32');
INSERT INTO Watchlist (watchlist_id, user_id, name, created_at) VALUES (5, 2, 'Binge List', '2025-12-27 10:06:33');
INSERT INTO Watchlist (watchlist_id, user_id, name, created_at) VALUES (6, 2, 'Soundtrack Stars', '2024-08-10 17:57:45');
INSERT INTO Watchlist (watchlist_id, user_id, name, created_at) VALUES (7, 3, 'Underrated Picks', '2025-02-27 15:56:08');
INSERT INTO Watchlist (watchlist_id, user_id, name, created_at) VALUES (8, 3, 'Horror Night', '2025-11-28 12:56:05');
INSERT INTO Watchlist (watchlist_id, user_id, name, created_at) VALUES (9, 3, 'Must Watch', '2025-03-01 08:57:50');
INSERT INTO Watchlist (watchlist_id, user_id, name, created_at) VALUES (10, 4, 'Oscar Nominees', '2026-03-10 01:39:52');
INSERT INTO Watchlist (watchlist_id, user_id, name, created_at) VALUES (11, 4, 'All-Time Favorites', '2025-05-26 19:13:15');
INSERT INTO Watchlist (watchlist_id, user_id, name, created_at) VALUES (12, 5, 'Action Favorites', '2024-07-02 09:33:27');
INSERT INTO Watchlist (watchlist_id, user_id, name, created_at) VALUES (13, 5, 'Date Night', '2026-03-24 10:50:13');
INSERT INTO Watchlist (watchlist_id, user_id, name, created_at) VALUES (14, 5, 'Rainy Day Movies', '2024-12-19 15:42:36');
INSERT INTO Watchlist (watchlist_id, user_id, name, created_at) VALUES (15, 6, 'Nostalgia Trip', '2026-03-29 22:58:49');
INSERT INTO Watchlist (watchlist_id, user_id, name, created_at) VALUES (16, 6, 'Guilty Pleasures', '2026-03-17 09:51:37');
INSERT INTO Watchlist (watchlist_id, user_id, name, created_at) VALUES (17, 7, 'Dark and Gritty', '2024-08-17 08:36:17');
INSERT INTO Watchlist (watchlist_id, user_id, name, created_at) VALUES (18, 7, 'Foreign Films', '2024-05-28 00:38:28');
INSERT INTO Watchlist (watchlist_id, user_id, name, created_at) VALUES (19, 7, 'Drama Essentials', '2025-10-13 03:35:48');
INSERT INTO Watchlist (watchlist_id, user_id, name, created_at) VALUES (20, 8, 'Trending Now', '2026-02-22 01:29:31');
INSERT INTO Watchlist (watchlist_id, user_id, name, created_at) VALUES (21, 8, 'Top Rated', '2024-06-25 06:25:17');
INSERT INTO Watchlist (watchlist_id, user_id, name, created_at) VALUES (22, 8, 'Comedy Gold', '2026-02-08 00:25:25');
INSERT INTO Watchlist (watchlist_id, user_id, name, created_at) VALUES (23, 9, 'Romance Collection', '2024-04-28 03:17:37');
INSERT INTO Watchlist (watchlist_id, user_id, name, created_at) VALUES (24, 9, 'Summer Blockbusters', '2025-08-29 15:50:33');
INSERT INTO Watchlist (watchlist_id, user_id, name, created_at) VALUES (25, 10, 'Quick Watches', '2025-07-03 01:11:12');
INSERT INTO Watchlist (watchlist_id, user_id, name, created_at) VALUES (26, 10, 'Mind Benders', '2026-01-26 04:44:18');
INSERT INTO Watchlist (watchlist_id, user_id, name, created_at) VALUES (27, 11, 'Critics Choice', '2026-04-09 17:34:12');
INSERT INTO Watchlist (watchlist_id, user_id, name, created_at) VALUES (28, 11, 'Tearjerkers', '2025-07-04 18:24:46');
INSERT INTO Watchlist (watchlist_id, user_id, name, created_at) VALUES (29, 12, 'Feel-Good Movies', '2025-10-02 11:40:56');
INSERT INTO Watchlist (watchlist_id, user_id, name, created_at) VALUES (30, 12, 'Weekend Picks', '2025-01-17 10:25:28');
INSERT INTO Watchlist (watchlist_id, user_id, name, created_at) VALUES (31, 12, 'Director Spotlight', '2025-10-19 05:36:12');
INSERT INTO Watchlist (watchlist_id, user_id, name, created_at) VALUES (32, 13, 'Genre Mix', '2025-08-05 03:51:31');
INSERT INTO Watchlist (watchlist_id, user_id, name, created_at) VALUES (33, 13, 'Award Winners', '2025-12-12 21:46:19');
INSERT INTO Watchlist (watchlist_id, user_id, name, created_at) VALUES (34, 14, 'Before You Die List', '2025-03-11 20:56:17');
INSERT INTO Watchlist (watchlist_id, user_id, name, created_at) VALUES (35, 14, 'Film School Essentials', '2024-07-12 22:09:19');
INSERT INTO Watchlist (watchlist_id, user_id, name, created_at) VALUES (36, 15, 'Adrenaline Rush', '2025-07-20 20:52:43');
INSERT INTO Watchlist (watchlist_id, user_id, name, created_at) VALUES (37, 15, 'Classics Collection', '2025-08-04 08:44:51');
INSERT INTO Watchlist (watchlist_id, user_id, name, created_at) VALUES (38, 16, 'Cerebral Cinema', '2025-12-31 01:47:54');
INSERT INTO Watchlist (watchlist_id, user_id, name, created_at) VALUES (39, 16, 'Watch Later', '2025-03-25 13:02:41');
INSERT INTO Watchlist (watchlist_id, user_id, name, created_at) VALUES (40, 16, 'International Cinema', '2025-09-03 23:50:00');
INSERT INTO Watchlist (watchlist_id, user_id, name, created_at) VALUES (41, 17, 'Animated Gems', '2024-10-19 05:45:04');
INSERT INTO Watchlist (watchlist_id, user_id, name, created_at) VALUES (42, 17, 'Visual Masterpieces', '2024-11-19 00:55:07');
INSERT INTO Watchlist (watchlist_id, user_id, name, created_at) VALUES (43, 18, 'Staff Picks', '2025-01-05 00:23:28');
INSERT INTO Watchlist (watchlist_id, user_id, name, created_at) VALUES (44, 18, 'Sci-Fi Marathon', '2025-01-27 09:42:19');
INSERT INTO Watchlist (watchlist_id, user_id, name, created_at) VALUES (45, 18, 'Family Movie Night', '2026-04-03 22:03:31');
INSERT INTO Watchlist (watchlist_id, user_id, name, created_at) VALUES (46, 19, 'Comfort Movies', '2025-11-05 12:22:10');
INSERT INTO Watchlist (watchlist_id, user_id, name, created_at) VALUES (47, 19, 'Laugh Out Loud', '2025-09-26 18:57:22');
INSERT INTO Watchlist (watchlist_id, user_id, name, created_at) VALUES (48, 20, 'Documentary Queue', '2024-07-11 20:47:15');
INSERT INTO Watchlist (watchlist_id, user_id, name, created_at) VALUES (49, 20, 'Cult Classics', '2025-06-06 05:47:18');
INSERT INTO Watchlist (watchlist_id, user_id, name, created_at) VALUES (50, 20, 'Hidden Gems', '2025-11-04 20:44:59');

-- =============================================================
-- WatchlistItem (197 rows)
-- =============================================================

INSERT INTO WatchlistItem (watchlist_item_id, watchlist_id, movie_id, added_at) VALUES (1, 1, 31, '2026-03-20 00:13:58');
INSERT INTO WatchlistItem (watchlist_item_id, watchlist_id, movie_id, added_at) VALUES (2, 1, 32, '2026-03-27 01:01:23');
INSERT INTO WatchlistItem (watchlist_item_id, watchlist_id, movie_id, added_at) VALUES (3, 1, 29, '2026-03-21 13:20:18');
INSERT INTO WatchlistItem (watchlist_item_id, watchlist_id, movie_id, added_at) VALUES (4, 1, 2, '2026-03-25 09:23:44');
INSERT INTO WatchlistItem (watchlist_item_id, watchlist_id, movie_id, added_at) VALUES (5, 1, 6, '2026-04-06 11:29:41');
INSERT INTO WatchlistItem (watchlist_item_id, watchlist_id, movie_id, added_at) VALUES (6, 2, 28, '2026-03-10 05:47:58');
INSERT INTO WatchlistItem (watchlist_item_id, watchlist_id, movie_id, added_at) VALUES (7, 2, 36, '2026-01-31 05:05:20');
INSERT INTO WatchlistItem (watchlist_item_id, watchlist_id, movie_id, added_at) VALUES (8, 2, 22, '2026-01-12 00:19:43');
INSERT INTO WatchlistItem (watchlist_item_id, watchlist_id, movie_id, added_at) VALUES (9, 2, 23, '2026-01-02 07:25:28');
INSERT INTO WatchlistItem (watchlist_item_id, watchlist_id, movie_id, added_at) VALUES (10, 3, 35, '2025-09-29 14:57:30');
INSERT INTO WatchlistItem (watchlist_item_id, watchlist_id, movie_id, added_at) VALUES (11, 3, 12, '2025-10-14 18:47:44');
INSERT INTO WatchlistItem (watchlist_item_id, watchlist_id, movie_id, added_at) VALUES (12, 3, 13, '2026-04-12 16:25:51');
INSERT INTO WatchlistItem (watchlist_item_id, watchlist_id, movie_id, added_at) VALUES (13, 4, 19, '2025-07-28 05:06:50');
INSERT INTO WatchlistItem (watchlist_item_id, watchlist_id, movie_id, added_at) VALUES (14, 4, 7, '2025-05-05 13:33:22');
INSERT INTO WatchlistItem (watchlist_item_id, watchlist_id, movie_id, added_at) VALUES (15, 4, 13, '2025-07-01 04:05:46');
INSERT INTO WatchlistItem (watchlist_item_id, watchlist_id, movie_id, added_at) VALUES (16, 4, 15, '2025-05-20 20:05:38');
INSERT INTO WatchlistItem (watchlist_item_id, watchlist_id, movie_id, added_at) VALUES (17, 4, 24, '2026-02-05 04:44:42');
INSERT INTO WatchlistItem (watchlist_item_id, watchlist_id, movie_id, added_at) VALUES (18, 5, 9, '2026-02-02 03:11:57');
INSERT INTO WatchlistItem (watchlist_item_id, watchlist_id, movie_id, added_at) VALUES (19, 5, 32, '2026-02-27 02:08:46');
INSERT INTO WatchlistItem (watchlist_item_id, watchlist_id, movie_id, added_at) VALUES (20, 5, 7, '2026-02-08 16:49:17');
INSERT INTO WatchlistItem (watchlist_item_id, watchlist_id, movie_id, added_at) VALUES (21, 5, 1, '2026-01-02 19:18:05');
INSERT INTO WatchlistItem (watchlist_item_id, watchlist_id, movie_id, added_at) VALUES (22, 5, 37, '2026-02-26 14:15:46');
INSERT INTO WatchlistItem (watchlist_item_id, watchlist_id, movie_id, added_at) VALUES (23, 6, 26, '2026-03-24 16:52:47');
INSERT INTO WatchlistItem (watchlist_item_id, watchlist_id, movie_id, added_at) VALUES (24, 6, 32, '2024-10-03 23:29:12');
INSERT INTO WatchlistItem (watchlist_item_id, watchlist_id, movie_id, added_at) VALUES (25, 6, 5, '2025-01-10 14:27:17');
INSERT INTO WatchlistItem (watchlist_item_id, watchlist_id, movie_id, added_at) VALUES (26, 7, 6, '2026-03-26 07:05:16');
INSERT INTO WatchlistItem (watchlist_item_id, watchlist_id, movie_id, added_at) VALUES (27, 7, 16, '2026-01-04 13:38:23');
INSERT INTO WatchlistItem (watchlist_item_id, watchlist_id, movie_id, added_at) VALUES (28, 7, 8, '2026-04-08 14:27:05');
INSERT INTO WatchlistItem (watchlist_item_id, watchlist_id, movie_id, added_at) VALUES (29, 7, 36, '2025-06-23 10:57:42');
INSERT INTO WatchlistItem (watchlist_item_id, watchlist_id, movie_id, added_at) VALUES (30, 8, 29, '2026-02-15 09:38:16');
INSERT INTO WatchlistItem (watchlist_item_id, watchlist_id, movie_id, added_at) VALUES (31, 8, 20, '2025-12-14 11:07:50');
INSERT INTO WatchlistItem (watchlist_item_id, watchlist_id, movie_id, added_at) VALUES (32, 8, 38, '2025-12-23 20:30:00');
INSERT INTO WatchlistItem (watchlist_item_id, watchlist_id, movie_id, added_at) VALUES (33, 8, 28, '2026-01-21 22:34:12');
INSERT INTO WatchlistItem (watchlist_item_id, watchlist_id, movie_id, added_at) VALUES (34, 9, 6, '2025-04-08 14:39:47');
INSERT INTO WatchlistItem (watchlist_item_id, watchlist_id, movie_id, added_at) VALUES (35, 9, 11, '2025-03-02 23:50:15');
INSERT INTO WatchlistItem (watchlist_item_id, watchlist_id, movie_id, added_at) VALUES (36, 9, 16, '2025-10-18 06:35:02');
INSERT INTO WatchlistItem (watchlist_item_id, watchlist_id, movie_id, added_at) VALUES (37, 9, 12, '2025-10-27 19:34:05');
INSERT INTO WatchlistItem (watchlist_item_id, watchlist_id, movie_id, added_at) VALUES (38, 9, 36, '2025-03-17 17:23:30');
INSERT INTO WatchlistItem (watchlist_item_id, watchlist_id, movie_id, added_at) VALUES (39, 10, 19, '2026-03-27 00:25:19');
INSERT INTO WatchlistItem (watchlist_item_id, watchlist_id, movie_id, added_at) VALUES (40, 10, 30, '2026-03-22 17:08:35');
INSERT INTO WatchlistItem (watchlist_item_id, watchlist_id, movie_id, added_at) VALUES (41, 10, 5, '2026-03-17 21:29:28');
INSERT INTO WatchlistItem (watchlist_item_id, watchlist_id, movie_id, added_at) VALUES (42, 10, 15, '2026-03-25 01:14:38');
INSERT INTO WatchlistItem (watchlist_item_id, watchlist_id, movie_id, added_at) VALUES (43, 11, 18, '2025-06-26 01:15:42');
INSERT INTO WatchlistItem (watchlist_item_id, watchlist_id, movie_id, added_at) VALUES (44, 11, 10, '2025-10-31 16:53:08');
INSERT INTO WatchlistItem (watchlist_item_id, watchlist_id, movie_id, added_at) VALUES (45, 11, 5, '2026-03-14 05:43:43');
INSERT INTO WatchlistItem (watchlist_item_id, watchlist_id, movie_id, added_at) VALUES (46, 12, 8, '2025-04-07 03:46:44');
INSERT INTO WatchlistItem (watchlist_item_id, watchlist_id, movie_id, added_at) VALUES (47, 12, 30, '2026-01-06 03:32:09');
INSERT INTO WatchlistItem (watchlist_item_id, watchlist_id, movie_id, added_at) VALUES (48, 12, 20, '2025-09-23 12:29:10');
INSERT INTO WatchlistItem (watchlist_item_id, watchlist_id, movie_id, added_at) VALUES (49, 12, 26, '2026-03-06 11:00:31');
INSERT INTO WatchlistItem (watchlist_item_id, watchlist_id, movie_id, added_at) VALUES (50, 13, 21, '2026-03-26 19:10:18');
INSERT INTO WatchlistItem (watchlist_item_id, watchlist_id, movie_id, added_at) VALUES (51, 13, 39, '2026-04-15 07:46:45');
INSERT INTO WatchlistItem (watchlist_item_id, watchlist_id, movie_id, added_at) VALUES (52, 13, 17, '2026-04-11 11:35:32');
INSERT INTO WatchlistItem (watchlist_item_id, watchlist_id, movie_id, added_at) VALUES (53, 13, 2, '2026-04-14 20:38:58');
INSERT INTO WatchlistItem (watchlist_item_id, watchlist_id, movie_id, added_at) VALUES (54, 14, 3, '2026-04-03 01:50:14');
INSERT INTO WatchlistItem (watchlist_item_id, watchlist_id, movie_id, added_at) VALUES (55, 14, 12, '2025-03-22 13:01:16');
INSERT INTO WatchlistItem (watchlist_item_id, watchlist_id, movie_id, added_at) VALUES (56, 14, 31, '2025-07-31 14:49:18');
INSERT INTO WatchlistItem (watchlist_item_id, watchlist_id, movie_id, added_at) VALUES (57, 14, 34, '2026-02-09 09:36:47');
INSERT INTO WatchlistItem (watchlist_item_id, watchlist_id, movie_id, added_at) VALUES (58, 14, 29, '2025-02-04 08:49:21');
INSERT INTO WatchlistItem (watchlist_item_id, watchlist_id, movie_id, added_at) VALUES (59, 15, 27, '2026-04-04 10:59:17');
INSERT INTO WatchlistItem (watchlist_item_id, watchlist_id, movie_id, added_at) VALUES (60, 15, 22, '2026-04-12 17:01:11');
INSERT INTO WatchlistItem (watchlist_item_id, watchlist_id, movie_id, added_at) VALUES (61, 15, 21, '2026-04-08 13:33:37');
INSERT INTO WatchlistItem (watchlist_item_id, watchlist_id, movie_id, added_at) VALUES (62, 15, 7, '2026-03-31 15:32:23');
INSERT INTO WatchlistItem (watchlist_item_id, watchlist_id, movie_id, added_at) VALUES (63, 16, 21, '2026-04-11 00:34:33');
INSERT INTO WatchlistItem (watchlist_item_id, watchlist_id, movie_id, added_at) VALUES (64, 16, 17, '2026-04-14 04:35:46');
INSERT INTO WatchlistItem (watchlist_item_id, watchlist_id, movie_id, added_at) VALUES (65, 16, 8, '2026-04-12 09:54:07');
INSERT INTO WatchlistItem (watchlist_item_id, watchlist_id, movie_id, added_at) VALUES (66, 17, 35, '2026-01-29 21:46:36');
INSERT INTO WatchlistItem (watchlist_item_id, watchlist_id, movie_id, added_at) VALUES (67, 17, 30, '2026-01-10 07:22:30');
INSERT INTO WatchlistItem (watchlist_item_id, watchlist_id, movie_id, added_at) VALUES (68, 17, 27, '2025-11-12 10:29:01');
INSERT INTO WatchlistItem (watchlist_item_id, watchlist_id, movie_id, added_at) VALUES (69, 17, 4, '2025-03-13 18:19:40');
INSERT INTO WatchlistItem (watchlist_item_id, watchlist_id, movie_id, added_at) VALUES (70, 17, 13, '2026-03-02 13:22:29');
INSERT INTO WatchlistItem (watchlist_item_id, watchlist_id, movie_id, added_at) VALUES (71, 18, 29, '2026-03-04 22:48:34');
INSERT INTO WatchlistItem (watchlist_item_id, watchlist_id, movie_id, added_at) VALUES (72, 18, 32, '2025-01-28 06:24:26');
INSERT INTO WatchlistItem (watchlist_item_id, watchlist_id, movie_id, added_at) VALUES (73, 18, 8, '2025-04-11 20:41:47');
INSERT INTO WatchlistItem (watchlist_item_id, watchlist_id, movie_id, added_at) VALUES (74, 18, 2, '2024-06-11 20:44:52');
INSERT INTO WatchlistItem (watchlist_item_id, watchlist_id, movie_id, added_at) VALUES (75, 19, 6, '2025-11-13 03:10:44');
INSERT INTO WatchlistItem (watchlist_item_id, watchlist_id, movie_id, added_at) VALUES (76, 19, 15, '2025-11-21 21:44:31');
INSERT INTO WatchlistItem (watchlist_item_id, watchlist_id, movie_id, added_at) VALUES (77, 19, 8, '2026-04-14 14:13:22');
INSERT INTO WatchlistItem (watchlist_item_id, watchlist_id, movie_id, added_at) VALUES (78, 19, 30, '2026-02-20 13:33:06');
INSERT INTO WatchlistItem (watchlist_item_id, watchlist_id, movie_id, added_at) VALUES (79, 20, 31, '2026-03-03 15:27:28');
INSERT INTO WatchlistItem (watchlist_item_id, watchlist_id, movie_id, added_at) VALUES (80, 20, 16, '2026-03-06 23:18:52');
INSERT INTO WatchlistItem (watchlist_item_id, watchlist_id, movie_id, added_at) VALUES (81, 20, 30, '2026-03-26 06:27:43');
INSERT INTO WatchlistItem (watchlist_item_id, watchlist_id, movie_id, added_at) VALUES (82, 20, 36, '2026-02-26 11:32:59');
INSERT INTO WatchlistItem (watchlist_item_id, watchlist_id, movie_id, added_at) VALUES (83, 21, 22, '2025-04-10 17:17:29');
INSERT INTO WatchlistItem (watchlist_item_id, watchlist_id, movie_id, added_at) VALUES (84, 21, 33, '2026-02-17 03:32:08');
INSERT INTO WatchlistItem (watchlist_item_id, watchlist_id, movie_id, added_at) VALUES (85, 21, 18, '2025-11-08 11:49:53');
INSERT INTO WatchlistItem (watchlist_item_id, watchlist_id, movie_id, added_at) VALUES (86, 21, 1, '2025-09-26 02:01:49');
INSERT INTO WatchlistItem (watchlist_item_id, watchlist_id, movie_id, added_at) VALUES (87, 22, 23, '2026-03-28 17:00:07');
INSERT INTO WatchlistItem (watchlist_item_id, watchlist_id, movie_id, added_at) VALUES (88, 22, 22, '2026-03-21 07:17:32');
INSERT INTO WatchlistItem (watchlist_item_id, watchlist_id, movie_id, added_at) VALUES (89, 22, 36, '2026-03-10 21:14:31');
INSERT INTO WatchlistItem (watchlist_item_id, watchlist_id, movie_id, added_at) VALUES (90, 22, 35, '2026-03-29 08:55:38');
INSERT INTO WatchlistItem (watchlist_item_id, watchlist_id, movie_id, added_at) VALUES (91, 23, 3, '2025-05-29 03:01:58');
INSERT INTO WatchlistItem (watchlist_item_id, watchlist_id, movie_id, added_at) VALUES (92, 23, 21, '2024-09-30 21:19:40');
INSERT INTO WatchlistItem (watchlist_item_id, watchlist_id, movie_id, added_at) VALUES (93, 23, 31, '2024-06-04 07:53:24');
INSERT INTO WatchlistItem (watchlist_item_id, watchlist_id, movie_id, added_at) VALUES (94, 23, 25, '2025-09-25 00:46:53');
INSERT INTO WatchlistItem (watchlist_item_id, watchlist_id, movie_id, added_at) VALUES (95, 24, 7, '2025-09-01 21:05:27');
INSERT INTO WatchlistItem (watchlist_item_id, watchlist_id, movie_id, added_at) VALUES (96, 24, 29, '2025-12-12 15:40:56');
INSERT INTO WatchlistItem (watchlist_item_id, watchlist_id, movie_id, added_at) VALUES (97, 24, 34, '2025-10-07 18:34:00');
INSERT INTO WatchlistItem (watchlist_item_id, watchlist_id, movie_id, added_at) VALUES (98, 24, 30, '2025-12-28 01:29:30');
INSERT INTO WatchlistItem (watchlist_item_id, watchlist_id, movie_id, added_at) VALUES (99, 25, 40, '2026-04-02 15:01:20');
INSERT INTO WatchlistItem (watchlist_item_id, watchlist_id, movie_id, added_at) VALUES (100, 25, 26, '2025-12-13 00:00:27');
INSERT INTO WatchlistItem (watchlist_item_id, watchlist_id, movie_id, added_at) VALUES (101, 25, 6, '2026-03-09 20:53:04');
INSERT INTO WatchlistItem (watchlist_item_id, watchlist_id, movie_id, added_at) VALUES (102, 25, 22, '2025-07-21 23:40:03');
INSERT INTO WatchlistItem (watchlist_item_id, watchlist_id, movie_id, added_at) VALUES (103, 26, 16, '2026-02-06 20:32:19');
INSERT INTO WatchlistItem (watchlist_item_id, watchlist_id, movie_id, added_at) VALUES (104, 26, 19, '2026-02-08 03:48:44');
INSERT INTO WatchlistItem (watchlist_item_id, watchlist_id, movie_id, added_at) VALUES (105, 26, 15, '2026-02-07 20:53:31');
INSERT INTO WatchlistItem (watchlist_item_id, watchlist_id, movie_id, added_at) VALUES (106, 27, 20, '2026-04-11 19:36:47');
INSERT INTO WatchlistItem (watchlist_item_id, watchlist_id, movie_id, added_at) VALUES (107, 27, 2, '2026-04-12 06:37:16');
INSERT INTO WatchlistItem (watchlist_item_id, watchlist_id, movie_id, added_at) VALUES (108, 27, 3, '2026-04-12 09:15:02');
INSERT INTO WatchlistItem (watchlist_item_id, watchlist_id, movie_id, added_at) VALUES (109, 28, 16, '2025-10-05 00:36:06');
INSERT INTO WatchlistItem (watchlist_item_id, watchlist_id, movie_id, added_at) VALUES (110, 28, 34, '2025-10-01 21:17:16');
INSERT INTO WatchlistItem (watchlist_item_id, watchlist_id, movie_id, added_at) VALUES (111, 28, 27, '2026-01-16 16:58:32');
INSERT INTO WatchlistItem (watchlist_item_id, watchlist_id, movie_id, added_at) VALUES (112, 29, 16, '2026-01-29 10:54:27');
INSERT INTO WatchlistItem (watchlist_item_id, watchlist_id, movie_id, added_at) VALUES (113, 29, 32, '2025-12-07 04:24:52');
INSERT INTO WatchlistItem (watchlist_item_id, watchlist_id, movie_id, added_at) VALUES (114, 29, 38, '2025-12-06 12:01:27');
INSERT INTO WatchlistItem (watchlist_item_id, watchlist_id, movie_id, added_at) VALUES (115, 29, 10, '2026-01-29 22:09:16');
INSERT INTO WatchlistItem (watchlist_item_id, watchlist_id, movie_id, added_at) VALUES (116, 29, 15, '2026-03-25 07:34:59');
INSERT INTO WatchlistItem (watchlist_item_id, watchlist_id, movie_id, added_at) VALUES (117, 30, 5, '2025-11-13 21:18:58');
INSERT INTO WatchlistItem (watchlist_item_id, watchlist_id, movie_id, added_at) VALUES (118, 30, 29, '2025-12-11 01:52:23');
INSERT INTO WatchlistItem (watchlist_item_id, watchlist_id, movie_id, added_at) VALUES (119, 30, 23, '2026-01-05 19:31:48');
INSERT INTO WatchlistItem (watchlist_item_id, watchlist_id, movie_id, added_at) VALUES (120, 31, 20, '2025-11-15 14:14:23');
INSERT INTO WatchlistItem (watchlist_item_id, watchlist_id, movie_id, added_at) VALUES (121, 31, 13, '2026-01-25 02:25:35');
INSERT INTO WatchlistItem (watchlist_item_id, watchlist_id, movie_id, added_at) VALUES (122, 31, 25, '2026-01-19 02:31:53');
INSERT INTO WatchlistItem (watchlist_item_id, watchlist_id, movie_id, added_at) VALUES (123, 31, 31, '2026-01-02 16:21:08');
INSERT INTO WatchlistItem (watchlist_item_id, watchlist_id, movie_id, added_at) VALUES (124, 32, 26, '2025-12-27 05:38:39');
INSERT INTO WatchlistItem (watchlist_item_id, watchlist_id, movie_id, added_at) VALUES (125, 32, 18, '2026-03-27 01:56:13');
INSERT INTO WatchlistItem (watchlist_item_id, watchlist_id, movie_id, added_at) VALUES (126, 32, 1, '2026-02-11 21:56:38');
INSERT INTO WatchlistItem (watchlist_item_id, watchlist_id, movie_id, added_at) VALUES (127, 33, 15, '2026-03-02 06:53:49');
INSERT INTO WatchlistItem (watchlist_item_id, watchlist_id, movie_id, added_at) VALUES (128, 33, 39, '2026-03-09 02:45:06');
INSERT INTO WatchlistItem (watchlist_item_id, watchlist_id, movie_id, added_at) VALUES (129, 33, 23, '2026-03-03 01:18:34');
INSERT INTO WatchlistItem (watchlist_item_id, watchlist_id, movie_id, added_at) VALUES (130, 33, 13, '2026-04-07 20:37:01');
INSERT INTO WatchlistItem (watchlist_item_id, watchlist_id, movie_id, added_at) VALUES (131, 34, 3, '2026-03-21 01:43:21');
INSERT INTO WatchlistItem (watchlist_item_id, watchlist_id, movie_id, added_at) VALUES (132, 34, 20, '2025-04-27 07:40:57');
INSERT INTO WatchlistItem (watchlist_item_id, watchlist_id, movie_id, added_at) VALUES (133, 34, 29, '2025-08-26 12:03:57');
INSERT INTO WatchlistItem (watchlist_item_id, watchlist_id, movie_id, added_at) VALUES (134, 34, 38, '2025-06-09 04:14:55');
INSERT INTO WatchlistItem (watchlist_item_id, watchlist_id, movie_id, added_at) VALUES (135, 34, 24, '2025-05-18 16:34:38');
INSERT INTO WatchlistItem (watchlist_item_id, watchlist_id, movie_id, added_at) VALUES (136, 35, 34, '2025-04-02 15:41:55');
INSERT INTO WatchlistItem (watchlist_item_id, watchlist_id, movie_id, added_at) VALUES (137, 35, 33, '2025-05-11 10:29:15');
INSERT INTO WatchlistItem (watchlist_item_id, watchlist_id, movie_id, added_at) VALUES (138, 35, 18, '2024-11-07 15:12:24');
INSERT INTO WatchlistItem (watchlist_item_id, watchlist_id, movie_id, added_at) VALUES (139, 35, 11, '2024-09-28 03:16:48');
INSERT INTO WatchlistItem (watchlist_item_id, watchlist_id, movie_id, added_at) VALUES (140, 36, 26, '2025-09-05 11:14:40');
INSERT INTO WatchlistItem (watchlist_item_id, watchlist_id, movie_id, added_at) VALUES (141, 36, 36, '2025-07-28 06:30:26');
INSERT INTO WatchlistItem (watchlist_item_id, watchlist_id, movie_id, added_at) VALUES (142, 36, 24, '2025-09-22 13:26:12');
INSERT INTO WatchlistItem (watchlist_item_id, watchlist_id, movie_id, added_at) VALUES (143, 37, 17, '2025-08-31 17:15:38');
INSERT INTO WatchlistItem (watchlist_item_id, watchlist_id, movie_id, added_at) VALUES (144, 37, 38, '2025-12-02 09:39:31');
INSERT INTO WatchlistItem (watchlist_item_id, watchlist_id, movie_id, added_at) VALUES (145, 37, 25, '2026-01-10 05:11:15');
INSERT INTO WatchlistItem (watchlist_item_id, watchlist_id, movie_id, added_at) VALUES (146, 37, 24, '2025-10-27 06:57:35');
INSERT INTO WatchlistItem (watchlist_item_id, watchlist_id, movie_id, added_at) VALUES (147, 38, 5, '2026-03-24 16:39:50');
INSERT INTO WatchlistItem (watchlist_item_id, watchlist_id, movie_id, added_at) VALUES (148, 38, 30, '2026-01-14 06:53:14');
INSERT INTO WatchlistItem (watchlist_item_id, watchlist_id, movie_id, added_at) VALUES (149, 38, 20, '2026-01-05 03:09:11');
INSERT INTO WatchlistItem (watchlist_item_id, watchlist_id, movie_id, added_at) VALUES (150, 39, 32, '2025-12-25 17:59:02');
INSERT INTO WatchlistItem (watchlist_item_id, watchlist_id, movie_id, added_at) VALUES (151, 39, 8, '2025-10-10 05:33:40');
INSERT INTO WatchlistItem (watchlist_item_id, watchlist_id, movie_id, added_at) VALUES (152, 39, 7, '2025-10-01 08:42:45');
INSERT INTO WatchlistItem (watchlist_item_id, watchlist_id, movie_id, added_at) VALUES (153, 39, 16, '2025-10-26 10:25:44');
INSERT INTO WatchlistItem (watchlist_item_id, watchlist_id, movie_id, added_at) VALUES (154, 40, 10, '2025-12-17 10:01:06');
INSERT INTO WatchlistItem (watchlist_item_id, watchlist_id, movie_id, added_at) VALUES (155, 40, 27, '2025-09-12 13:19:26');
INSERT INTO WatchlistItem (watchlist_item_id, watchlist_id, movie_id, added_at) VALUES (156, 40, 7, '2025-10-29 15:58:35');
INSERT INTO WatchlistItem (watchlist_item_id, watchlist_id, movie_id, added_at) VALUES (157, 40, 32, '2025-12-26 08:25:47');
INSERT INTO WatchlistItem (watchlist_item_id, watchlist_id, movie_id, added_at) VALUES (158, 40, 40, '2026-04-10 13:02:17');
INSERT INTO WatchlistItem (watchlist_item_id, watchlist_id, movie_id, added_at) VALUES (159, 41, 24, '2024-12-20 20:14:48');
INSERT INTO WatchlistItem (watchlist_item_id, watchlist_id, movie_id, added_at) VALUES (160, 41, 35, '2025-07-28 12:39:42');
INSERT INTO WatchlistItem (watchlist_item_id, watchlist_id, movie_id, added_at) VALUES (161, 41, 23, '2025-02-21 22:18:24');
INSERT INTO WatchlistItem (watchlist_item_id, watchlist_id, movie_id, added_at) VALUES (162, 42, 14, '2025-01-09 13:03:40');
INSERT INTO WatchlistItem (watchlist_item_id, watchlist_id, movie_id, added_at) VALUES (163, 42, 39, '2025-07-26 05:30:12');
INSERT INTO WatchlistItem (watchlist_item_id, watchlist_id, movie_id, added_at) VALUES (164, 42, 2, '2025-06-17 03:24:59');
INSERT INTO WatchlistItem (watchlist_item_id, watchlist_id, movie_id, added_at) VALUES (165, 43, 14, '2026-02-12 22:05:24');
INSERT INTO WatchlistItem (watchlist_item_id, watchlist_id, movie_id, added_at) VALUES (166, 43, 38, '2025-01-06 10:29:10');
INSERT INTO WatchlistItem (watchlist_item_id, watchlist_id, movie_id, added_at) VALUES (167, 43, 15, '2026-03-20 05:39:32');
INSERT INTO WatchlistItem (watchlist_item_id, watchlist_id, movie_id, added_at) VALUES (168, 43, 22, '2025-03-12 20:03:35');
INSERT INTO WatchlistItem (watchlist_item_id, watchlist_id, movie_id, added_at) VALUES (169, 43, 10, '2025-05-13 06:44:39');
INSERT INTO WatchlistItem (watchlist_item_id, watchlist_id, movie_id, added_at) VALUES (170, 44, 2, '2025-07-29 18:22:05');
INSERT INTO WatchlistItem (watchlist_item_id, watchlist_id, movie_id, added_at) VALUES (171, 44, 9, '2025-11-24 21:29:36');
INSERT INTO WatchlistItem (watchlist_item_id, watchlist_id, movie_id, added_at) VALUES (172, 44, 1, '2025-02-04 16:02:57');
INSERT INTO WatchlistItem (watchlist_item_id, watchlist_id, movie_id, added_at) VALUES (173, 45, 4, '2026-04-05 00:22:21');
INSERT INTO WatchlistItem (watchlist_item_id, watchlist_id, movie_id, added_at) VALUES (174, 45, 9, '2026-04-11 14:22:47');
INSERT INTO WatchlistItem (watchlist_item_id, watchlist_id, movie_id, added_at) VALUES (175, 45, 27, '2026-04-09 16:44:42');
INSERT INTO WatchlistItem (watchlist_item_id, watchlist_id, movie_id, added_at) VALUES (176, 45, 34, '2026-04-13 02:01:44');
INSERT INTO WatchlistItem (watchlist_item_id, watchlist_id, movie_id, added_at) VALUES (177, 46, 33, '2026-03-18 23:21:05');
INSERT INTO WatchlistItem (watchlist_item_id, watchlist_id, movie_id, added_at) VALUES (178, 46, 15, '2026-03-03 11:47:33');
INSERT INTO WatchlistItem (watchlist_item_id, watchlist_id, movie_id, added_at) VALUES (179, 46, 40, '2025-11-12 14:35:02');
INSERT INTO WatchlistItem (watchlist_item_id, watchlist_id, movie_id, added_at) VALUES (180, 46, 3, '2026-03-08 02:59:30');
INSERT INTO WatchlistItem (watchlist_item_id, watchlist_id, movie_id, added_at) VALUES (181, 47, 7, '2025-10-17 06:41:01');
INSERT INTO WatchlistItem (watchlist_item_id, watchlist_id, movie_id, added_at) VALUES (182, 47, 32, '2026-03-01 00:21:24');
INSERT INTO WatchlistItem (watchlist_item_id, watchlist_id, movie_id, added_at) VALUES (183, 47, 29, '2025-10-12 23:33:02');
INSERT INTO WatchlistItem (watchlist_item_id, watchlist_id, movie_id, added_at) VALUES (184, 47, 5, '2025-12-06 17:41:12');
INSERT INTO WatchlistItem (watchlist_item_id, watchlist_id, movie_id, added_at) VALUES (185, 48, 38, '2026-01-06 07:31:27');
INSERT INTO WatchlistItem (watchlist_item_id, watchlist_id, movie_id, added_at) VALUES (186, 48, 36, '2025-10-19 15:11:38');
INSERT INTO WatchlistItem (watchlist_item_id, watchlist_id, movie_id, added_at) VALUES (187, 48, 21, '2026-03-23 12:27:02');
INSERT INTO WatchlistItem (watchlist_item_id, watchlist_id, movie_id, added_at) VALUES (188, 48, 25, '2024-10-21 00:57:11');
INSERT INTO WatchlistItem (watchlist_item_id, watchlist_id, movie_id, added_at) VALUES (189, 48, 39, '2026-01-27 04:36:58');
INSERT INTO WatchlistItem (watchlist_item_id, watchlist_id, movie_id, added_at) VALUES (190, 49, 29, '2026-01-24 20:18:20');
INSERT INTO WatchlistItem (watchlist_item_id, watchlist_id, movie_id, added_at) VALUES (191, 49, 15, '2026-01-04 09:15:01');
INSERT INTO WatchlistItem (watchlist_item_id, watchlist_id, movie_id, added_at) VALUES (192, 49, 27, '2025-11-13 21:19:34');
INSERT INTO WatchlistItem (watchlist_item_id, watchlist_id, movie_id, added_at) VALUES (193, 49, 22, '2025-11-13 15:04:06');
INSERT INTO WatchlistItem (watchlist_item_id, watchlist_id, movie_id, added_at) VALUES (194, 50, 10, '2025-11-26 00:08:38');
INSERT INTO WatchlistItem (watchlist_item_id, watchlist_id, movie_id, added_at) VALUES (195, 50, 31, '2026-02-23 00:15:55');
INSERT INTO WatchlistItem (watchlist_item_id, watchlist_id, movie_id, added_at) VALUES (196, 50, 5, '2026-02-08 01:29:13');
INSERT INTO WatchlistItem (watchlist_item_id, watchlist_id, movie_id, added_at) VALUES (197, 50, 6, '2026-03-26 22:56:00');

-- =============================================================
-- Rating (83 rows)
-- =============================================================

INSERT INTO Rating (rating_id, user_id, movie_id, rating_value, rating_date) VALUES (1, 38, 36, 6.1, '2026-03-02 16:27:01');
INSERT INTO Rating (rating_id, user_id, movie_id, rating_value, rating_date) VALUES (2, 27, 23, 8.9, '2025-06-22 13:52:23');
INSERT INTO Rating (rating_id, user_id, movie_id, rating_value, rating_date) VALUES (3, 19, 39, 3.8, '2024-07-31 09:02:28');
INSERT INTO Rating (rating_id, user_id, movie_id, rating_value, rating_date) VALUES (4, 33, 14, 2.4, '2025-08-21 20:09:52');
INSERT INTO Rating (rating_id, user_id, movie_id, rating_value, rating_date) VALUES (5, 7, 23, 8.6, '2025-04-26 16:10:58');
INSERT INTO Rating (rating_id, user_id, movie_id, rating_value, rating_date) VALUES (6, 18, 37, 3.0, '2025-06-29 08:25:26');
INSERT INTO Rating (rating_id, user_id, movie_id, rating_value, rating_date) VALUES (7, 40, 40, 7.1, '2025-11-06 12:57:21');
INSERT INTO Rating (rating_id, user_id, movie_id, rating_value, rating_date) VALUES (8, 39, 18, 1.3, '2025-01-19 23:14:59');
INSERT INTO Rating (rating_id, user_id, movie_id, rating_value, rating_date) VALUES (9, 22, 23, 1.1, '2024-09-09 08:37:08');
INSERT INTO Rating (rating_id, user_id, movie_id, rating_value, rating_date) VALUES (10, 26, 5, 2.3, '2026-01-23 13:06:58');
INSERT INTO Rating (rating_id, user_id, movie_id, rating_value, rating_date) VALUES (11, 6, 34, 2.9, '2025-06-19 04:31:00');
INSERT INTO Rating (rating_id, user_id, movie_id, rating_value, rating_date) VALUES (12, 22, 11, 4.3, '2025-03-14 08:39:55');
INSERT INTO Rating (rating_id, user_id, movie_id, rating_value, rating_date) VALUES (13, 39, 6, 9.0, '2024-09-21 17:43:52');
INSERT INTO Rating (rating_id, user_id, movie_id, rating_value, rating_date) VALUES (14, 40, 4, 7.1, '2025-01-19 04:07:59');
INSERT INTO Rating (rating_id, user_id, movie_id, rating_value, rating_date) VALUES (15, 28, 32, 6.5, '2025-06-13 21:56:44');
INSERT INTO Rating (rating_id, user_id, movie_id, rating_value, rating_date) VALUES (16, 14, 33, 2.0, '2025-06-29 16:02:14');
INSERT INTO Rating (rating_id, user_id, movie_id, rating_value, rating_date) VALUES (17, 19, 38, 5.4, '2026-02-27 23:13:45');
INSERT INTO Rating (rating_id, user_id, movie_id, rating_value, rating_date) VALUES (18, 3, 15, 4.6, '2025-12-19 13:59:40');
INSERT INTO Rating (rating_id, user_id, movie_id, rating_value, rating_date) VALUES (19, 1, 14, 3.7, '2024-11-17 16:59:47');
INSERT INTO Rating (rating_id, user_id, movie_id, rating_value, rating_date) VALUES (20, 17, 19, 4.0, '2024-04-23 06:06:33');
INSERT INTO Rating (rating_id, user_id, movie_id, rating_value, rating_date) VALUES (21, 28, 12, 2.2, '2025-10-12 20:22:41');
INSERT INTO Rating (rating_id, user_id, movie_id, rating_value, rating_date) VALUES (22, 33, 36, 8.5, '2025-04-12 14:37:27');
INSERT INTO Rating (rating_id, user_id, movie_id, rating_value, rating_date) VALUES (23, 26, 3, 4.9, '2025-07-29 14:50:05');
INSERT INTO Rating (rating_id, user_id, movie_id, rating_value, rating_date) VALUES (24, 21, 37, 4.9, '2025-06-04 11:18:24');
INSERT INTO Rating (rating_id, user_id, movie_id, rating_value, rating_date) VALUES (25, 27, 19, 2.0, '2024-05-06 23:49:28');
INSERT INTO Rating (rating_id, user_id, movie_id, rating_value, rating_date) VALUES (26, 11, 40, 5.1, '2026-03-23 01:10:28');
INSERT INTO Rating (rating_id, user_id, movie_id, rating_value, rating_date) VALUES (27, 6, 28, 8.6, '2024-12-21 03:51:44');
INSERT INTO Rating (rating_id, user_id, movie_id, rating_value, rating_date) VALUES (28, 38, 26, 5.7, '2025-05-25 23:17:48');
INSERT INTO Rating (rating_id, user_id, movie_id, rating_value, rating_date) VALUES (29, 22, 15, 4.0, '2024-10-04 14:46:51');
INSERT INTO Rating (rating_id, user_id, movie_id, rating_value, rating_date) VALUES (30, 33, 8, 5.8, '2024-10-31 00:43:13');
INSERT INTO Rating (rating_id, user_id, movie_id, rating_value, rating_date) VALUES (31, 23, 10, 3.1, '2024-09-11 21:19:10');
INSERT INTO Rating (rating_id, user_id, movie_id, rating_value, rating_date) VALUES (32, 13, 12, 6.4, '2026-02-15 14:44:36');
INSERT INTO Rating (rating_id, user_id, movie_id, rating_value, rating_date) VALUES (33, 12, 32, 5.2, '2025-11-14 09:05:52');
INSERT INTO Rating (rating_id, user_id, movie_id, rating_value, rating_date) VALUES (34, 29, 37, 6.8, '2026-01-14 23:46:03');
INSERT INTO Rating (rating_id, user_id, movie_id, rating_value, rating_date) VALUES (35, 21, 10, 5.0, '2025-08-09 04:06:01');
INSERT INTO Rating (rating_id, user_id, movie_id, rating_value, rating_date) VALUES (36, 20, 18, 6.3, '2025-04-11 06:28:17');
INSERT INTO Rating (rating_id, user_id, movie_id, rating_value, rating_date) VALUES (37, 5, 20, 5.2, '2024-05-23 14:04:16');
INSERT INTO Rating (rating_id, user_id, movie_id, rating_value, rating_date) VALUES (38, 24, 19, 1.7, '2024-07-17 10:23:30');
INSERT INTO Rating (rating_id, user_id, movie_id, rating_value, rating_date) VALUES (39, 39, 33, 4.5, '2025-12-01 08:10:55');
INSERT INTO Rating (rating_id, user_id, movie_id, rating_value, rating_date) VALUES (40, 3, 29, 9.2, '2025-11-22 11:43:57');
INSERT INTO Rating (rating_id, user_id, movie_id, rating_value, rating_date) VALUES (41, 13, 21, 6.4, '2025-09-10 17:29:33');
INSERT INTO Rating (rating_id, user_id, movie_id, rating_value, rating_date) VALUES (42, 4, 29, 1.9, '2025-04-01 15:04:13');
INSERT INTO Rating (rating_id, user_id, movie_id, rating_value, rating_date) VALUES (43, 33, 12, 1.4, '2026-04-10 03:56:17');
INSERT INTO Rating (rating_id, user_id, movie_id, rating_value, rating_date) VALUES (44, 29, 34, 5.7, '2024-09-25 01:14:56');
INSERT INTO Rating (rating_id, user_id, movie_id, rating_value, rating_date) VALUES (45, 25, 27, 8.0, '2026-03-12 09:46:06');
INSERT INTO Rating (rating_id, user_id, movie_id, rating_value, rating_date) VALUES (46, 4, 22, 1.6, '2024-07-21 08:18:53');
INSERT INTO Rating (rating_id, user_id, movie_id, rating_value, rating_date) VALUES (47, 25, 19, 3.3, '2026-02-17 09:56:37');
INSERT INTO Rating (rating_id, user_id, movie_id, rating_value, rating_date) VALUES (48, 10, 22, 1.7, '2026-02-23 17:08:57');
INSERT INTO Rating (rating_id, user_id, movie_id, rating_value, rating_date) VALUES (49, 23, 20, 9.7, '2026-04-01 02:16:14');
INSERT INTO Rating (rating_id, user_id, movie_id, rating_value, rating_date) VALUES (50, 9, 39, 7.4, '2024-07-10 23:16:17');
INSERT INTO Rating (rating_id, user_id, movie_id, rating_value, rating_date) VALUES (51, 36, 25, 6.8, '2025-03-17 16:39:10');
INSERT INTO Rating (rating_id, user_id, movie_id, rating_value, rating_date) VALUES (52, 34, 6, 6.8, '2025-06-23 06:30:48');
INSERT INTO Rating (rating_id, user_id, movie_id, rating_value, rating_date) VALUES (53, 24, 2, 4.3, '2024-10-16 19:47:54');
INSERT INTO Rating (rating_id, user_id, movie_id, rating_value, rating_date) VALUES (54, 22, 32, 2.7, '2024-09-02 17:38:28');
INSERT INTO Rating (rating_id, user_id, movie_id, rating_value, rating_date) VALUES (55, 5, 19, 8.6, '2024-07-28 06:29:03');
INSERT INTO Rating (rating_id, user_id, movie_id, rating_value, rating_date) VALUES (56, 35, 34, 1.3, '2025-03-26 10:30:06');
INSERT INTO Rating (rating_id, user_id, movie_id, rating_value, rating_date) VALUES (57, 25, 10, 2.5, '2026-03-26 10:44:45');
INSERT INTO Rating (rating_id, user_id, movie_id, rating_value, rating_date) VALUES (58, 11, 29, 1.4, '2025-04-23 20:38:53');
INSERT INTO Rating (rating_id, user_id, movie_id, rating_value, rating_date) VALUES (59, 29, 40, 3.6, '2025-07-18 20:31:11');
INSERT INTO Rating (rating_id, user_id, movie_id, rating_value, rating_date) VALUES (60, 35, 16, 3.8, '2025-08-08 19:03:50');
INSERT INTO Rating (rating_id, user_id, movie_id, rating_value, rating_date) VALUES (61, 24, 37, 9.9, '2025-07-31 22:15:32');
INSERT INTO Rating (rating_id, user_id, movie_id, rating_value, rating_date) VALUES (62, 25, 33, 5.7, '2024-09-27 19:16:14');
INSERT INTO Rating (rating_id, user_id, movie_id, rating_value, rating_date) VALUES (63, 39, 9, 8.9, '2024-06-08 11:20:40');
INSERT INTO Rating (rating_id, user_id, movie_id, rating_value, rating_date) VALUES (64, 31, 24, 6.0, '2024-07-30 06:47:01');
INSERT INTO Rating (rating_id, user_id, movie_id, rating_value, rating_date) VALUES (65, 8, 19, 1.8, '2024-09-26 21:55:55');
INSERT INTO Rating (rating_id, user_id, movie_id, rating_value, rating_date) VALUES (66, 29, 33, 2.3, '2025-07-06 15:20:21');
INSERT INTO Rating (rating_id, user_id, movie_id, rating_value, rating_date) VALUES (67, 15, 29, 9.0, '2024-05-13 03:06:21');
INSERT INTO Rating (rating_id, user_id, movie_id, rating_value, rating_date) VALUES (68, 4, 26, 5.5, '2024-12-13 02:03:35');
INSERT INTO Rating (rating_id, user_id, movie_id, rating_value, rating_date) VALUES (69, 6, 24, 3.0, '2025-03-07 15:36:27');
INSERT INTO Rating (rating_id, user_id, movie_id, rating_value, rating_date) VALUES (70, 22, 10, 2.2, '2025-02-03 05:12:05');
INSERT INTO Rating (rating_id, user_id, movie_id, rating_value, rating_date) VALUES (71, 9, 31, 5.0, '2024-04-20 14:53:04');
INSERT INTO Rating (rating_id, user_id, movie_id, rating_value, rating_date) VALUES (72, 2, 17, 2.9, '2024-09-16 07:58:52');
INSERT INTO Rating (rating_id, user_id, movie_id, rating_value, rating_date) VALUES (73, 39, 34, 4.8, '2025-02-04 20:39:07');
INSERT INTO Rating (rating_id, user_id, movie_id, rating_value, rating_date) VALUES (74, 20, 8, 1.4, '2025-06-19 11:15:48');
INSERT INTO Rating (rating_id, user_id, movie_id, rating_value, rating_date) VALUES (75, 40, 30, 1.6, '2025-09-09 09:43:35');
INSERT INTO Rating (rating_id, user_id, movie_id, rating_value, rating_date) VALUES (76, 1, 1, 8.5, '2025-08-16 10:30:00');
INSERT INTO Rating (rating_id, user_id, movie_id, rating_value, rating_date) VALUES (77, 1, 3, 9.0, '2025-09-23 14:15:00');
INSERT INTO Rating (rating_id, user_id, movie_id, rating_value, rating_date) VALUES (78, 1, 7, 9.5, '2025-11-04 20:00:00');
INSERT INTO Rating (rating_id, user_id, movie_id, rating_value, rating_date) VALUES (79, 1, 9, 8.0, '2026-01-09 11:45:00');
INSERT INTO Rating (rating_id, user_id, movie_id, rating_value, rating_date) VALUES (80, 1, 41, 7.5, '2026-03-21 16:30:00');
INSERT INTO Rating (rating_id, user_id, movie_id, rating_value, rating_date) VALUES (81, 11, 2, 9.0, '2025-06-11 09:00:00');
INSERT INTO Rating (rating_id, user_id, movie_id, rating_value, rating_date) VALUES (82, 11, 4, 9.5, '2025-08-21 15:30:00');
INSERT INTO Rating (rating_id, user_id, movie_id, rating_value, rating_date) VALUES (83, 11, 17, 8.5, '2025-10-06 12:00:00');

-- =============================================================
-- Review (60 rows)
-- =============================================================

INSERT INTO Review (review_id, user_id, movie_id, review_title, review_body, moderation_status, review_date) VALUES (1, 35, 2, 'A cinematic experience', 'I went in with mixed expectations and came out a bit disappointed. The story was compelling and the cinematography was evocative. I would watch it again in a heartbeat.', 'approved', '2024-12-18 08:46:38');
INSERT INTO Review (review_id, user_id, movie_id, review_title, review_body, moderation_status, review_date) VALUES (2, 27, 12, 'Intense from start to finish', 'As a fan of drama films, I found this to be masterful. The director did a fantastic job with the pacing and the performances were genuine. A must-see for any film lover.', 'approved', '2024-05-30 11:08:38');
INSERT INTO Review (review_id, user_id, movie_id, review_title, review_body, moderation_status, review_date) VALUES (3, 25, 24, 'Lacks depth and substance', 'I watched this film a while back and I have to say, it was a rollercoaster. The screenplay was top-notch and the overall experience was enjoyable. Definitely worth a watch.', 'pending', '2025-03-21 16:51:26');
INSERT INTO Review (review_id, user_id, movie_id, review_title, review_body, moderation_status, review_date) VALUES (4, 3, 23, 'Simply unforgettable', 'The editing carried this film from start to finish. While the ending had its moments, it was the cinematography that truly made this a memorable viewing experience. One of the best I have seen this year.', 'approved', '2024-06-19 04:39:48');
INSERT INTO Review (review_id, user_id, movie_id, review_title, review_body, moderation_status, review_date) VALUES (5, 3, 19, 'One of the best this year', 'I watched this film recently and I have to say, it blew me away. The production design was decent and the overall experience was satisfying. I plan to revisit it soon.', 'pending', '2025-08-12 21:13:22');
INSERT INTO Review (review_id, user_id, movie_id, review_title, review_body, moderation_status, review_date) VALUES (6, 3, 13, 'Not my cup of tea', 'The editing carried this film from start to finish. While the supporting cast had its moments, it was the acting that truly made this a exceptional viewing experience. Could have been stronger but still worth your time.', 'approved', '2025-07-07 02:33:51');
INSERT INTO Review (review_id, user_id, movie_id, review_title, review_body, moderation_status, review_date) VALUES (7, 29, 25, 'A slow burn that pays off', 'This movie surprised me in ways I didn''t expect. The production design alone makes it worth watching, but when combined with the ending, it becomes something truly unique. A must-see for any film lover.', 'approved', '2025-06-23 14:52:25');
INSERT INTO Review (review_id, user_id, movie_id, review_title, review_body, moderation_status, review_date) VALUES (8, 28, 39, 'One of the greats', 'This movie fell a bit flat in ways I didn''t expect. The cinematography alone makes it worth watching, but when combined with the supporting cast, it becomes something truly exceptional. Definitely worth a watch.', 'approved', '2026-02-20 22:45:50');
INSERT INTO Review (review_id, user_id, movie_id, review_title, review_body, moderation_status, review_date) VALUES (9, 20, 29, 'Best film of the decade', 'I have seen this film five times now and it gets better with each viewing. The attention to detail in the cinematography is nuanced and I always notice something new. A must-see for any film lover.', 'rejected', '2025-04-12 10:23:09');
INSERT INTO Review (review_id, user_id, movie_id, review_title, review_body, moderation_status, review_date) VALUES (10, 28, 18, 'A cinematic experience', 'I watched this film last weekend and I have to say, it exceeded my expectations. The editing was top-notch and the overall experience was satisfying. I would watch it again in a heartbeat.', 'approved', '2024-09-09 10:07:15');
INSERT INTO Review (review_id, user_id, movie_id, review_title, review_body, moderation_status, review_date) VALUES (11, 29, 3, 'Disappointing sequel', 'As a fan of horror films, I found this to be impressive. The director did a solid job with the pacing and the performances were captivating. A must-see for any film lover.', 'approved', '2025-12-25 17:35:11');
INSERT INTO Review (review_id, user_id, movie_id, review_title, review_body, moderation_status, review_date) VALUES (12, 29, 24, 'Pure entertainment', 'From the opening scene, this film was a rollercoaster. The screenplay set the tone perfectly and the character development kept me engaged throughout. A phenomenal piece of cinema. I would recommend it with some reservations.', 'approved', '2025-03-03 11:38:59');
INSERT INTO Review (review_id, user_id, movie_id, review_title, review_body, moderation_status, review_date) VALUES (13, 18, 16, 'Surprisingly entertaining', 'I watched this film with my family and I have to say, it left me thinking for days. The sound design was masterful and the overall experience was mixed. I would recommend it with some reservations.', 'approved', '2025-01-08 21:28:36');
INSERT INTO Review (review_id, user_id, movie_id, review_title, review_body, moderation_status, review_date) VALUES (14, 29, 14, 'Worth every minute', 'What can I say about this film? It exceeded my expectations and left me satisfied. The sound design was particularly remarkable, though I felt the dialogue could have been stronger. I would watch it again in a heartbeat.', 'approved', '2024-10-09 04:12:21');
INSERT INTO Review (review_id, user_id, movie_id, review_title, review_body, moderation_status, review_date) VALUES (15, 6, 21, 'Intense from start to finish', 'The direction carried this film from start to finish. While the third act had its moments, it was the screenplay that truly made this a memorable viewing experience. Could have been stronger but still worth your time.', 'rejected', '2026-04-12 11:13:04');
INSERT INTO Review (review_id, user_id, movie_id, review_title, review_body, moderation_status, review_date) VALUES (16, 12, 24, 'Dark and atmospheric', 'I went in with low expectations and came out satisfied. The story was predictable but enjoyable and the cinematography was stunning. Definitely worth a watch.', 'approved', '2024-05-12 01:08:23');
INSERT INTO Review (review_id, user_id, movie_id, review_title, review_body, moderation_status, review_date) VALUES (17, 36, 37, 'Pure entertainment', 'From the opening scene, this film was a rollercoaster. The cinematography set the tone perfectly and the pacing kept me engaged throughout. A unique piece of cinema. Definitely worth a watch.', 'approved', '2025-08-19 07:08:23');
INSERT INTO Review (review_id, user_id, movie_id, review_title, review_body, moderation_status, review_date) VALUES (18, 27, 27, 'One of the greats', 'As a fan of drama films, I found this to be solid. The director did a respectable job with the pacing and the performances were genuine. A must-see for any film lover.', 'rejected', '2025-09-27 00:32:36');
INSERT INTO Review (review_id, user_id, movie_id, review_title, review_body, moderation_status, review_date) VALUES (19, 9, 36, 'A cinematic experience', 'This movie was a rollercoaster in ways I didn''t expect. The screenplay alone makes it worth watching, but when combined with the visual effects, it becomes something truly remarkable. I would recommend it with some reservations.', 'approved', '2025-09-27 17:34:16');
INSERT INTO Review (review_id, user_id, movie_id, review_title, review_body, moderation_status, review_date) VALUES (20, 20, 11, 'Fantastic performances', 'The cinematography carried this film from start to finish. While the third act had its moments, it was the score that truly made this a unique viewing experience. Definitely worth a watch.', 'approved', '2026-01-26 08:03:19');
INSERT INTO Review (review_id, user_id, movie_id, review_title, review_body, moderation_status, review_date) VALUES (21, 18, 9, 'A cinematic experience', 'What can I say about this film? It fell a bit flat and left me wanting more. The screenplay was particularly solid, though I felt the character development could have been better paced. I would watch it again in a heartbeat.', 'rejected', '2025-12-26 00:17:32');
INSERT INTO Review (review_id, user_id, movie_id, review_title, review_body, moderation_status, review_date) VALUES (22, 37, 3, 'One of the greats', 'I watched this film last weekend and I have to say, it blew me away. The direction was impressive and the overall experience was entertaining. Go in without expectations and enjoy the ride.', 'approved', '2026-01-08 11:15:53');
INSERT INTO Review (review_id, user_id, movie_id, review_title, review_body, moderation_status, review_date) VALUES (23, 2, 32, 'A refreshing take on the genre', 'What can I say about this film? It exceeded my expectations and left me thoroughly entertained. The direction was particularly impressive, though I felt the ending could have been more impactful. I plan to revisit it soon.', 'approved', '2026-03-21 14:10:52');
INSERT INTO Review (review_id, user_id, movie_id, review_title, review_body, moderation_status, review_date) VALUES (24, 11, 29, 'A stunning debut', 'From the opening scene, this film surprised me. The score set the tone perfectly and the supporting cast kept me engaged throughout. A memorable piece of cinema. Go in without expectations and enjoy the ride.', 'approved', '2025-03-08 00:34:28');
INSERT INTO Review (review_id, user_id, movie_id, review_title, review_body, moderation_status, review_date) VALUES (25, 26, 9, 'Hauntingly beautiful', 'The cinematography carried this film from start to finish. While the dialogue had its moments, it was the screenplay that truly made this a exceptional viewing experience. One of the best I have seen this year.', 'approved', '2025-07-19 21:01:35');
INSERT INTO Review (review_id, user_id, movie_id, review_title, review_body, moderation_status, review_date) VALUES (26, 10, 7, 'Exceeded all expectations', 'What can I say about this film? It surprised me and left me speechless. The editing was particularly solid, though I felt the dialogue could have been more cohesive. A must-see for any film lover.', 'approved', '2024-10-26 17:48:05');
INSERT INTO Review (review_id, user_id, movie_id, review_title, review_body, moderation_status, review_date) VALUES (27, 32, 33, 'Too long and drawn out', 'From the opening scene, this film delivered exactly what I expected. The sound design set the tone perfectly and the plot kept me engaged throughout. A captivating piece of cinema. Definitely worth a watch.', 'pending', '2025-07-27 20:45:52');
INSERT INTO Review (review_id, user_id, movie_id, review_title, review_body, moderation_status, review_date) VALUES (28, 14, 38, 'Emotionally devastating', 'I watched this film last weekend and I have to say, it delivered exactly what I expected. The sound design was nuanced and the overall experience was worthwhile. I would recommend it with some reservations.', 'approved', '2024-08-04 03:41:22');
INSERT INTO Review (review_id, user_id, movie_id, review_title, review_body, moderation_status, review_date) VALUES (29, 9, 17, 'Mediocre at best', 'The cinematography carried this film from start to finish. While the plot had its moments, it was the editing that truly made this a remarkable viewing experience. I plan to revisit it soon.', 'pending', '2025-11-11 19:05:13');
INSERT INTO Review (review_id, user_id, movie_id, review_title, review_body, moderation_status, review_date) VALUES (30, 24, 36, 'Not my cup of tea', 'As a fan of crime films, I found this to be exceptional. The director did a great job with the pacing and the performances were convincing. I would recommend it with some reservations.', 'pending', '2026-03-13 10:14:50');
INSERT INTO Review (review_id, user_id, movie_id, review_title, review_body, moderation_status, review_date) VALUES (31, 8, 9, 'Deeply moving story', 'I have seen this film two times now and it reveals new layers with each viewing. The attention to detail in the production design is top-notch and I always notice something new. I would recommend it with some reservations.', 'approved', '2025-12-23 06:32:11');
INSERT INTO Review (review_id, user_id, movie_id, review_title, review_body, moderation_status, review_date) VALUES (32, 26, 33, 'A must-see film', 'I watched this film last weekend and I have to say, it left me thinking for days. The production design was nuanced and the overall experience was satisfying. One of the best I have seen this year.', 'approved', '2025-12-27 06:46:08');
INSERT INTO Review (review_id, user_id, movie_id, review_title, review_body, moderation_status, review_date) VALUES (33, 9, 21, 'A crowd-pleaser for sure', 'The musical score carried this film from start to finish. While the third act had its moments, it was the cinematography that truly made this a phenomenal viewing experience. Go in without expectations and enjoy the ride.', 'pending', '2025-09-19 07:22:54');
INSERT INTO Review (review_id, user_id, movie_id, review_title, review_body, moderation_status, review_date) VALUES (34, 32, 37, 'A gripping thriller', 'From the opening scene, this film was a rollercoaster. The acting set the tone perfectly and the supporting cast kept me engaged throughout. A exceptional piece of cinema. A must-see for any film lover.', 'approved', '2025-12-03 23:12:07');
INSERT INTO Review (review_id, user_id, movie_id, review_title, review_body, moderation_status, review_date) VALUES (35, 2, 39, 'Edge of my seat', 'What can I say about this film? It exceeded my expectations and left me speechless. The score was particularly nuanced, though I felt the plot could have been more cohesive. I would watch it again in a heartbeat.', 'rejected', '2026-01-10 01:50:32');
INSERT INTO Review (review_id, user_id, movie_id, review_title, review_body, moderation_status, review_date) VALUES (36, 10, 16, 'A must-see film', 'As a fan of crime films, I found this to be impressive. The director did a phenomenal job with the pacing and the performances were genuine. I highly recommend it to anyone.', 'approved', '2025-06-11 19:25:24');
INSERT INTO Review (review_id, user_id, movie_id, review_title, review_body, moderation_status, review_date) VALUES (37, 27, 33, 'Riveting and powerful', 'From the opening scene, this film was a rollercoaster. The acting set the tone perfectly and the character development kept me engaged throughout. A stunning piece of cinema. I would recommend it with some reservations.', 'pending', '2025-03-14 05:25:01');
INSERT INTO Review (review_id, user_id, movie_id, review_title, review_body, moderation_status, review_date) VALUES (38, 34, 25, 'Heartwarming and funny', 'This movie surprised me in ways I didn''t expect. The direction alone makes it worth watching, but when combined with the supporting cast, it becomes something truly phenomenal. I would recommend it with some reservations.', 'rejected', '2026-03-14 11:25:19');
INSERT INTO Review (review_id, user_id, movie_id, review_title, review_body, moderation_status, review_date) VALUES (39, 17, 40, 'Edge of my seat', 'I went in with mixed expectations and came out speechless. The story was layered and complex and the cinematography was stunning. Not for everyone but give it a chance.', 'approved', '2025-02-04 19:32:48');
INSERT INTO Review (review_id, user_id, movie_id, review_title, review_body, moderation_status, review_date) VALUES (40, 32, 21, 'Edge of my seat', 'The cinematography carried this film from start to finish. While the pacing had its moments, it was the direction that truly made this a captivating viewing experience. Go in without expectations and enjoy the ride.', 'approved', '2025-04-03 17:19:58');
INSERT INTO Review (review_id, user_id, movie_id, review_title, review_body, moderation_status, review_date) VALUES (41, 19, 3, 'Not my cup of tea', 'As a fan of comedy films, I found this to be top-notch. The director did a respectable job with the pacing and the performances were believable. One of the best I have seen this year.', 'approved', '2025-10-18 21:52:17');
INSERT INTO Review (review_id, user_id, movie_id, review_title, review_body, moderation_status, review_date) VALUES (42, 36, 18, 'Disappointing sequel', 'As a fan of action films, I found this to be impressive. The director did a decent job with the pacing and the performances were powerful. Not for everyone but give it a chance.', 'approved', '2024-06-07 15:38:53');
INSERT INTO Review (review_id, user_id, movie_id, review_title, review_body, moderation_status, review_date) VALUES (43, 27, 22, 'A masterclass in storytelling', 'From the opening scene, this film blew me away. The cinematography set the tone perfectly and the plot kept me engaged throughout. A memorable piece of cinema. I would recommend it with some reservations.', 'approved', '2026-02-13 05:19:10');
INSERT INTO Review (review_id, user_id, movie_id, review_title, review_body, moderation_status, review_date) VALUES (44, 31, 13, 'Hauntingly beautiful', 'What can I say about this film? It delivered exactly what I expected and left me deeply moved. The direction was particularly remarkable, though I felt the plot could have been better paced. Go in without expectations and enjoy the ride.', 'rejected', '2024-05-23 18:22:26');
INSERT INTO Review (review_id, user_id, movie_id, review_title, review_body, moderation_status, review_date) VALUES (45, 3, 26, 'A mixed bag overall', 'From the opening scene, this film left me thinking for days. The direction set the tone perfectly and the plot kept me engaged throughout. A unique piece of cinema. I highly recommend it to anyone.', 'pending', '2025-12-23 15:54:24');
INSERT INTO Review (review_id, user_id, movie_id, review_title, review_body, moderation_status, review_date) VALUES (46, 22, 19, 'Too long and drawn out', 'From the opening scene, this film left me thinking for days. The sound design set the tone perfectly and the third act kept me engaged throughout. A exceptional piece of cinema. Not for everyone but give it a chance.', 'approved', '2024-09-29 04:42:30');
INSERT INTO Review (review_id, user_id, movie_id, review_title, review_body, moderation_status, review_date) VALUES (47, 17, 12, 'An absolute masterpiece', 'The direction carried this film from start to finish. While the dialogue had its moments, it was the direction that truly made this a captivating viewing experience. I would watch it again in a heartbeat.', 'approved', '2025-09-24 23:56:22');
INSERT INTO Review (review_id, user_id, movie_id, review_title, review_body, moderation_status, review_date) VALUES (48, 6, 26, 'Intense from start to finish', 'As a fan of crime films, I found this to be solid. The director did a phenomenal job with the pacing and the performances were believable. I would watch it again in a heartbeat.', 'approved', '2025-01-08 01:57:55');
INSERT INTO Review (review_id, user_id, movie_id, review_title, review_body, moderation_status, review_date) VALUES (49, 16, 29, 'Hauntingly beautiful', 'What can I say about this film? It delivered exactly what I expected and left me wanting more. The direction was particularly decent, though I felt the plot could have been more developed. A must-see for any film lover.', 'approved', '2026-02-27 16:18:15');
INSERT INTO Review (review_id, user_id, movie_id, review_title, review_body, moderation_status, review_date) VALUES (50, 30, 20, 'Fantastic performances', 'I have seen this film two times now and it remains powerful with each viewing. The attention to detail in the direction is remarkable and I always notice something new. Could have been stronger but still worth your time.', 'approved', '2024-11-25 16:51:47');
INSERT INTO Review (review_id, user_id, movie_id, review_title, review_body, moderation_status, review_date) VALUES (51, 31, 10, 'Too long and drawn out', 'The production design carried this film from start to finish. While the ending had its moments, it was the editing that truly made this a stunning viewing experience. I would recommend it with some reservations.', 'approved', '2026-03-13 09:41:34');
INSERT INTO Review (review_id, user_id, movie_id, review_title, review_body, moderation_status, review_date) VALUES (52, 6, 34, 'A perfect ending', 'The direction carried this film from start to finish. While the pacing had its moments, it was the screenplay that truly made this a stunning viewing experience. I highly recommend it to anyone.', 'pending', '2025-10-16 17:27:21');
INSERT INTO Review (review_id, user_id, movie_id, review_title, review_body, moderation_status, review_date) VALUES (53, 11, 21, 'A bold artistic choice', 'From the opening scene, this film blew me away. The score set the tone perfectly and the ending kept me engaged throughout. A extraordinary piece of cinema. Definitely worth a watch.', 'approved', '2025-07-23 16:48:14');
INSERT INTO Review (review_id, user_id, movie_id, review_title, review_body, moderation_status, review_date) VALUES (54, 33, 27, 'Too long and drawn out', 'I watched this film on a flight recently and I have to say, it surprised me. The direction was outstanding and the overall experience was mixed. Could have been stronger but still worth your time.', 'approved', '2024-11-25 09:03:20');
INSERT INTO Review (review_id, user_id, movie_id, review_title, review_body, moderation_status, review_date) VALUES (55, 5, 3, 'Clever and original', 'The direction carried this film from start to finish. While the plot had its moments, it was the screenplay that truly made this a extraordinary viewing experience. Definitely worth a watch.', 'approved', '2025-02-03 02:53:11');
INSERT INTO Review (review_id, user_id, movie_id, review_title, review_body, moderation_status, review_date) VALUES (56, 12, 9, 'Riveting and powerful', 'I have seen this film five times now and it never gets old with each viewing. The attention to detail in the production design is exceptional and I always notice something new. One of the best I have seen this year.', 'approved', '2026-03-16 07:38:07');
INSERT INTO Review (review_id, user_id, movie_id, review_title, review_body, moderation_status, review_date) VALUES (57, 9, 23, 'Surprisingly entertaining', 'This movie fell a bit flat in ways I didn''t expect. The musical score alone makes it worth watching, but when combined with the character development, it becomes something truly remarkable. Not for everyone but give it a chance.', 'approved', '2025-02-15 04:51:26');
INSERT INTO Review (review_id, user_id, movie_id, review_title, review_body, moderation_status, review_date) VALUES (58, 35, 28, 'Simply unforgettable', 'I have seen this film two times now and it reveals new layers with each viewing. The attention to detail in the score is impressive and I always notice something new. One of the best I have seen this year.', 'approved', '2024-10-25 16:06:30');
INSERT INTO Review (review_id, user_id, movie_id, review_title, review_body, moderation_status, review_date) VALUES (59, 3, 27, 'Worth every minute', 'I watched this film recently and I have to say, it left me thinking for days. The screenplay was remarkable and the overall experience was satisfying. I highly recommend it to anyone.', 'approved', '2025-12-18 13:46:20');
INSERT INTO Review (review_id, user_id, movie_id, review_title, review_body, moderation_status, review_date) VALUES (60, 16, 3, 'Overhyped and underwhelming', 'From the opening scene, this film left me thinking for days. The score set the tone perfectly and the plot kept me engaged throughout. A unique piece of cinema. I would watch it again in a heartbeat.', 'approved', '2025-11-25 23:36:39');

-- =============================================================
-- Recommendation (60 rows)
-- =============================================================

INSERT INTO Recommendation (recommendation_id, user_id, movie_id, reason, generated_at) VALUES (1, 19, 39, 'Popular among Action enthusiasts', '2024-12-13 22:59:12');
INSERT INTO Recommendation (recommendation_id, user_id, movie_id, reason, generated_at) VALUES (2, 5, 34, 'Critics'' pick in the Thriller genre', '2025-02-16 22:01:04');
INSERT INTO Recommendation (recommendation_id, user_id, movie_id, reason, generated_at) VALUES (3, 2, 36, 'Recommended for fans of Drama movies', '2026-01-17 03:33:14');
INSERT INTO Recommendation (recommendation_id, user_id, movie_id, reason, generated_at) VALUES (4, 18, 32, 'Popular among Western enthusiasts', '2026-02-03 01:52:38');
INSERT INTO Recommendation (recommendation_id, user_id, movie_id, reason, generated_at) VALUES (5, 17, 21, 'Critics'' pick in the Thriller genre', '2025-06-07 17:25:58');
INSERT INTO Recommendation (recommendation_id, user_id, movie_id, reason, generated_at) VALUES (6, 10, 25, 'Similar to movies in your watchlist', '2025-08-12 20:46:24');
INSERT INTO Recommendation (recommendation_id, user_id, movie_id, reason, generated_at) VALUES (7, 8, 20, 'Recommended for fans of Sci-Fi movies', '2025-08-02 14:05:52');
INSERT INTO Recommendation (recommendation_id, user_id, movie_id, reason, generated_at) VALUES (8, 18, 27, 'Similar to movies in your watchlist', '2025-10-09 16:52:55');
INSERT INTO Recommendation (recommendation_id, user_id, movie_id, reason, generated_at) VALUES (9, 13, 16, 'Trending in the Drama category', '2025-03-20 11:32:45');
INSERT INTO Recommendation (recommendation_id, user_id, movie_id, reason, generated_at) VALUES (10, 3, 29, 'Because you enjoyed La La Land', '2025-10-15 18:56:06');
INSERT INTO Recommendation (recommendation_id, user_id, movie_id, reason, generated_at) VALUES (11, 2, 18, 'Curated for your viewing history', '2025-12-23 13:26:23');
INSERT INTO Recommendation (recommendation_id, user_id, movie_id, reason, generated_at) VALUES (12, 3, 13, 'Top rated this month in Adventure', '2024-11-15 00:07:22');
INSERT INTO Recommendation (recommendation_id, user_id, movie_id, reason, generated_at) VALUES (13, 10, 1, 'Trending in the Action category', '2024-08-14 05:26:13');
INSERT INTO Recommendation (recommendation_id, user_id, movie_id, reason, generated_at) VALUES (14, 8, 39, 'Trending in the Action category', '2025-05-26 20:42:49');
INSERT INTO Recommendation (recommendation_id, user_id, movie_id, reason, generated_at) VALUES (15, 18, 21, 'Critics'' pick in the Musical genre', '2025-08-06 07:25:46');
INSERT INTO Recommendation (recommendation_id, user_id, movie_id, reason, generated_at) VALUES (16, 12, 20, 'Popular among Adventure enthusiasts', '2025-09-23 06:06:19');
INSERT INTO Recommendation (recommendation_id, user_id, movie_id, reason, generated_at) VALUES (17, 15, 7, 'Top rated this month in Mystery', '2025-03-08 19:23:44');
INSERT INTO Recommendation (recommendation_id, user_id, movie_id, reason, generated_at) VALUES (18, 12, 21, 'Based on your interest in Musical films', '2025-11-12 20:03:22');
INSERT INTO Recommendation (recommendation_id, user_id, movie_id, reason, generated_at) VALUES (19, 5, 2, 'Similar to movies in your watchlist', '2025-12-05 09:05:09');
INSERT INTO Recommendation (recommendation_id, user_id, movie_id, reason, generated_at) VALUES (20, 14, 19, 'Trending in the Comedy category', '2025-03-18 20:22:29');
INSERT INTO Recommendation (recommendation_id, user_id, movie_id, reason, generated_at) VALUES (21, 13, 37, 'Top rated this month in Drama', '2025-10-31 11:50:00');
INSERT INTO Recommendation (recommendation_id, user_id, movie_id, reason, generated_at) VALUES (22, 11, 17, 'Top rated this month in Comedy', '2025-07-30 18:07:30');
INSERT INTO Recommendation (recommendation_id, user_id, movie_id, reason, generated_at) VALUES (23, 12, 11, 'Similar to movies in your watchlist', '2025-08-28 18:42:03');
INSERT INTO Recommendation (recommendation_id, user_id, movie_id, reason, generated_at) VALUES (24, 18, 4, 'Because you enjoyed Spirited Away', '2026-02-28 13:45:58');
INSERT INTO Recommendation (recommendation_id, user_id, movie_id, reason, generated_at) VALUES (25, 1, 27, 'Trending in the Sci-Fi category', '2024-06-23 17:29:55');
INSERT INTO Recommendation (recommendation_id, user_id, movie_id, reason, generated_at) VALUES (26, 1, 14, 'Top rated this month in Thriller', '2025-05-02 14:12:03');
INSERT INTO Recommendation (recommendation_id, user_id, movie_id, reason, generated_at) VALUES (27, 20, 40, 'Top rated this month in Thriller', '2024-05-01 12:14:26');
INSERT INTO Recommendation (recommendation_id, user_id, movie_id, reason, generated_at) VALUES (28, 18, 36, 'Based on your interest in Thriller films', '2024-05-03 07:16:31');
INSERT INTO Recommendation (recommendation_id, user_id, movie_id, reason, generated_at) VALUES (29, 9, 35, 'Based on your interest in Sci-Fi films', '2025-09-12 03:40:36');
INSERT INTO Recommendation (recommendation_id, user_id, movie_id, reason, generated_at) VALUES (30, 6, 7, 'Similar to movies in your watchlist', '2024-09-14 20:46:24');
INSERT INTO Recommendation (recommendation_id, user_id, movie_id, reason, generated_at) VALUES (31, 7, 40, 'Highly rated by viewers with similar taste', '2025-04-12 21:43:58');
INSERT INTO Recommendation (recommendation_id, user_id, movie_id, reason, generated_at) VALUES (32, 13, 6, 'Critics'' pick in the Thriller genre', '2025-07-30 08:34:15');
INSERT INTO Recommendation (recommendation_id, user_id, movie_id, reason, generated_at) VALUES (33, 8, 15, 'Because you enjoyed The Silence of the Lambs', '2026-02-14 11:39:42');
INSERT INTO Recommendation (recommendation_id, user_id, movie_id, reason, generated_at) VALUES (34, 2, 6, 'Critics'' pick in the Mystery genre', '2025-05-07 08:07:23');
INSERT INTO Recommendation (recommendation_id, user_id, movie_id, reason, generated_at) VALUES (35, 16, 4, 'Recommended for fans of Animation movies', '2024-07-09 06:11:57');
INSERT INTO Recommendation (recommendation_id, user_id, movie_id, reason, generated_at) VALUES (36, 14, 22, 'Because you enjoyed Get Out', '2025-10-07 13:32:57');
INSERT INTO Recommendation (recommendation_id, user_id, movie_id, reason, generated_at) VALUES (37, 8, 14, 'Curated for your viewing history', '2025-08-14 21:52:12');
INSERT INTO Recommendation (recommendation_id, user_id, movie_id, reason, generated_at) VALUES (38, 2, 5, 'Highly rated by viewers with similar taste', '2025-10-24 08:31:00');
INSERT INTO Recommendation (recommendation_id, user_id, movie_id, reason, generated_at) VALUES (39, 2, 12, 'Based on your interest in Thriller films', '2024-11-14 09:22:23');
INSERT INTO Recommendation (recommendation_id, user_id, movie_id, reason, generated_at) VALUES (40, 5, 26, 'Highly rated by viewers with similar taste', '2024-09-29 08:31:59');
INSERT INTO Recommendation (recommendation_id, user_id, movie_id, reason, generated_at) VALUES (41, 8, 37, 'Similar to movies in your watchlist', '2025-03-21 01:58:31');
INSERT INTO Recommendation (recommendation_id, user_id, movie_id, reason, generated_at) VALUES (42, 5, 6, 'Based on your interest in Thriller films', '2024-07-25 03:54:50');
INSERT INTO Recommendation (recommendation_id, user_id, movie_id, reason, generated_at) VALUES (43, 8, 5, 'Curated for your viewing history', '2026-01-04 09:41:07');
INSERT INTO Recommendation (recommendation_id, user_id, movie_id, reason, generated_at) VALUES (44, 13, 21, 'Highly rated by viewers with similar taste', '2025-07-21 05:51:44');
INSERT INTO Recommendation (recommendation_id, user_id, movie_id, reason, generated_at) VALUES (45, 8, 23, 'Critics'' pick in the Musical genre', '2025-07-01 18:45:45');
INSERT INTO Recommendation (recommendation_id, user_id, movie_id, reason, generated_at) VALUES (46, 19, 25, 'Curated for your viewing history', '2025-02-11 20:58:22');
INSERT INTO Recommendation (recommendation_id, user_id, movie_id, reason, generated_at) VALUES (47, 3, 6, 'Recommended for fans of Thriller movies', '2025-05-10 11:04:46');
INSERT INTO Recommendation (recommendation_id, user_id, movie_id, reason, generated_at) VALUES (48, 5, 25, 'Popular among Crime enthusiasts', '2024-08-02 15:19:55');
INSERT INTO Recommendation (recommendation_id, user_id, movie_id, reason, generated_at) VALUES (49, 1, 20, 'Popular among Adventure enthusiasts', '2025-01-16 15:43:19');
INSERT INTO Recommendation (recommendation_id, user_id, movie_id, reason, generated_at) VALUES (50, 5, 6, 'Critics'' pick in the Drama genre', '2025-07-19 08:16:45');
INSERT INTO Recommendation (recommendation_id, user_id, movie_id, reason, generated_at) VALUES (51, 18, 33, 'Because you enjoyed The Truman Show', '2024-05-11 15:15:46');
INSERT INTO Recommendation (recommendation_id, user_id, movie_id, reason, generated_at) VALUES (52, 12, 36, 'Curated for your viewing history', '2025-12-18 23:48:43');
INSERT INTO Recommendation (recommendation_id, user_id, movie_id, reason, generated_at) VALUES (53, 13, 1, 'Critics'' pick in the Thriller genre', '2025-05-17 15:05:01');
INSERT INTO Recommendation (recommendation_id, user_id, movie_id, reason, generated_at) VALUES (54, 18, 16, 'Critics'' pick in the Adventure genre', '2024-10-05 17:03:18');
INSERT INTO Recommendation (recommendation_id, user_id, movie_id, reason, generated_at) VALUES (55, 9, 20, 'Top rated this month in Adventure', '2024-09-11 14:18:12');
INSERT INTO Recommendation (recommendation_id, user_id, movie_id, reason, generated_at) VALUES (56, 6, 28, 'Critics'' pick in the Action genre', '2025-02-16 05:37:49');
INSERT INTO Recommendation (recommendation_id, user_id, movie_id, reason, generated_at) VALUES (57, 3, 24, 'Trending in the Drama category', '2026-01-16 06:03:05');
INSERT INTO Recommendation (recommendation_id, user_id, movie_id, reason, generated_at) VALUES (58, 20, 40, 'Top rated this month in Horror', '2024-08-02 16:55:58');
INSERT INTO Recommendation (recommendation_id, user_id, movie_id, reason, generated_at) VALUES (59, 10, 1, 'Popular among Mystery enthusiasts', '2026-01-11 01:49:52');
INSERT INTO Recommendation (recommendation_id, user_id, movie_id, reason, generated_at) VALUES (60, 11, 29, 'Critics'' pick in the Musical genre', '2026-02-11 09:38:28');

-- =============================================================
-- RecommendationClick (127 rows)
-- =============================================================

INSERT INTO RecommendationClick (click_id, recommendation_id, user_id, clicked_at) VALUES (1, 1, 19, '2025-05-16 10:39:42');
INSERT INTO RecommendationClick (click_id, recommendation_id, user_id, clicked_at) VALUES (2, 1, 19, '2025-10-18 06:17:58');
INSERT INTO RecommendationClick (click_id, recommendation_id, user_id, clicked_at) VALUES (3, 2, 5, '2025-07-27 04:29:07');
INSERT INTO RecommendationClick (click_id, recommendation_id, user_id, clicked_at) VALUES (4, 2, 5, '2025-09-08 09:38:14');
INSERT INTO RecommendationClick (click_id, recommendation_id, user_id, clicked_at) VALUES (5, 3, 2, '2026-04-16 02:35:49');
INSERT INTO RecommendationClick (click_id, recommendation_id, user_id, clicked_at) VALUES (6, 3, 2, '2026-03-21 00:31:15');
INSERT INTO RecommendationClick (click_id, recommendation_id, user_id, clicked_at) VALUES (7, 4, 18, '2026-03-16 15:34:08');
INSERT INTO RecommendationClick (click_id, recommendation_id, user_id, clicked_at) VALUES (8, 4, 18, '2026-03-10 16:11:00');
INSERT INTO RecommendationClick (click_id, recommendation_id, user_id, clicked_at) VALUES (9, 5, 17, '2025-08-05 13:57:43');
INSERT INTO RecommendationClick (click_id, recommendation_id, user_id, clicked_at) VALUES (10, 5, 17, '2025-09-18 14:59:42');
INSERT INTO RecommendationClick (click_id, recommendation_id, user_id, clicked_at) VALUES (11, 6, 10, '2025-09-28 16:48:06');
INSERT INTO RecommendationClick (click_id, recommendation_id, user_id, clicked_at) VALUES (12, 6, 10, '2025-08-19 13:34:49');
INSERT INTO RecommendationClick (click_id, recommendation_id, user_id, clicked_at) VALUES (13, 6, 10, '2026-04-11 04:24:23');
INSERT INTO RecommendationClick (click_id, recommendation_id, user_id, clicked_at) VALUES (14, 7, 8, '2025-12-29 16:36:56');
INSERT INTO RecommendationClick (click_id, recommendation_id, user_id, clicked_at) VALUES (15, 7, 8, '2026-02-28 08:16:36');
INSERT INTO RecommendationClick (click_id, recommendation_id, user_id, clicked_at) VALUES (16, 8, 18, '2026-03-21 03:54:27');
INSERT INTO RecommendationClick (click_id, recommendation_id, user_id, clicked_at) VALUES (17, 8, 18, '2025-12-10 02:04:54');
INSERT INTO RecommendationClick (click_id, recommendation_id, user_id, clicked_at) VALUES (18, 9, 13, '2026-03-22 02:57:05');
INSERT INTO RecommendationClick (click_id, recommendation_id, user_id, clicked_at) VALUES (19, 9, 13, '2025-09-29 14:14:19');
INSERT INTO RecommendationClick (click_id, recommendation_id, user_id, clicked_at) VALUES (20, 10, 3, '2026-03-18 12:23:00');
INSERT INTO RecommendationClick (click_id, recommendation_id, user_id, clicked_at) VALUES (21, 10, 3, '2026-03-14 09:31:40');
INSERT INTO RecommendationClick (click_id, recommendation_id, user_id, clicked_at) VALUES (22, 11, 2, '2026-02-26 04:40:10');
INSERT INTO RecommendationClick (click_id, recommendation_id, user_id, clicked_at) VALUES (23, 11, 2, '2026-03-02 14:46:41');
INSERT INTO RecommendationClick (click_id, recommendation_id, user_id, clicked_at) VALUES (24, 11, 2, '2026-04-04 02:31:47');
INSERT INTO RecommendationClick (click_id, recommendation_id, user_id, clicked_at) VALUES (25, 12, 3, '2025-02-10 04:06:17');
INSERT INTO RecommendationClick (click_id, recommendation_id, user_id, clicked_at) VALUES (26, 12, 3, '2025-07-28 00:03:55');
INSERT INTO RecommendationClick (click_id, recommendation_id, user_id, clicked_at) VALUES (27, 12, 3, '2025-11-13 06:10:44');
INSERT INTO RecommendationClick (click_id, recommendation_id, user_id, clicked_at) VALUES (28, 13, 10, '2024-09-29 01:56:35');
INSERT INTO RecommendationClick (click_id, recommendation_id, user_id, clicked_at) VALUES (29, 13, 10, '2025-09-27 17:30:36');
INSERT INTO RecommendationClick (click_id, recommendation_id, user_id, clicked_at) VALUES (30, 13, 10, '2025-10-28 09:17:39');
INSERT INTO RecommendationClick (click_id, recommendation_id, user_id, clicked_at) VALUES (31, 14, 8, '2025-07-16 06:08:02');
INSERT INTO RecommendationClick (click_id, recommendation_id, user_id, clicked_at) VALUES (32, 15, 18, '2025-12-15 02:19:05');
INSERT INTO RecommendationClick (click_id, recommendation_id, user_id, clicked_at) VALUES (33, 15, 18, '2025-12-27 04:33:55');
INSERT INTO RecommendationClick (click_id, recommendation_id, user_id, clicked_at) VALUES (34, 16, 12, '2025-11-18 22:20:08');
INSERT INTO RecommendationClick (click_id, recommendation_id, user_id, clicked_at) VALUES (35, 16, 12, '2025-12-27 20:20:45');
INSERT INTO RecommendationClick (click_id, recommendation_id, user_id, clicked_at) VALUES (36, 16, 12, '2026-01-20 03:32:06');
INSERT INTO RecommendationClick (click_id, recommendation_id, user_id, clicked_at) VALUES (37, 17, 15, '2025-05-25 07:57:19');
INSERT INTO RecommendationClick (click_id, recommendation_id, user_id, clicked_at) VALUES (38, 17, 15, '2025-03-21 12:58:21');
INSERT INTO RecommendationClick (click_id, recommendation_id, user_id, clicked_at) VALUES (39, 17, 15, '2025-05-01 06:09:06');
INSERT INTO RecommendationClick (click_id, recommendation_id, user_id, clicked_at) VALUES (40, 18, 12, '2025-12-04 00:16:55');
INSERT INTO RecommendationClick (click_id, recommendation_id, user_id, clicked_at) VALUES (41, 18, 12, '2025-12-19 08:44:18');
INSERT INTO RecommendationClick (click_id, recommendation_id, user_id, clicked_at) VALUES (42, 19, 5, '2026-03-03 01:39:50');
INSERT INTO RecommendationClick (click_id, recommendation_id, user_id, clicked_at) VALUES (43, 19, 5, '2026-01-27 04:03:32');
INSERT INTO RecommendationClick (click_id, recommendation_id, user_id, clicked_at) VALUES (44, 20, 14, '2025-09-13 13:42:40');
INSERT INTO RecommendationClick (click_id, recommendation_id, user_id, clicked_at) VALUES (45, 20, 14, '2025-05-07 12:19:40');
INSERT INTO RecommendationClick (click_id, recommendation_id, user_id, clicked_at) VALUES (46, 21, 13, '2026-01-20 14:16:44');
INSERT INTO RecommendationClick (click_id, recommendation_id, user_id, clicked_at) VALUES (47, 21, 13, '2026-01-15 13:27:36');
INSERT INTO RecommendationClick (click_id, recommendation_id, user_id, clicked_at) VALUES (48, 22, 11, '2025-08-11 06:36:57');
INSERT INTO RecommendationClick (click_id, recommendation_id, user_id, clicked_at) VALUES (49, 23, 12, '2026-02-18 00:41:05');
INSERT INTO RecommendationClick (click_id, recommendation_id, user_id, clicked_at) VALUES (50, 24, 18, '2026-04-02 20:07:03');
INSERT INTO RecommendationClick (click_id, recommendation_id, user_id, clicked_at) VALUES (51, 24, 18, '2026-04-04 19:35:47');
INSERT INTO RecommendationClick (click_id, recommendation_id, user_id, clicked_at) VALUES (52, 25, 1, '2026-01-18 09:01:20');
INSERT INTO RecommendationClick (click_id, recommendation_id, user_id, clicked_at) VALUES (53, 25, 1, '2025-10-10 01:56:24');
INSERT INTO RecommendationClick (click_id, recommendation_id, user_id, clicked_at) VALUES (54, 26, 1, '2026-03-20 20:54:59');
INSERT INTO RecommendationClick (click_id, recommendation_id, user_id, clicked_at) VALUES (55, 26, 1, '2025-08-06 13:31:11');
INSERT INTO RecommendationClick (click_id, recommendation_id, user_id, clicked_at) VALUES (56, 27, 20, '2025-06-10 13:18:12');
INSERT INTO RecommendationClick (click_id, recommendation_id, user_id, clicked_at) VALUES (57, 27, 20, '2026-01-19 19:25:29');
INSERT INTO RecommendationClick (click_id, recommendation_id, user_id, clicked_at) VALUES (58, 28, 18, '2025-12-30 22:54:53');
INSERT INTO RecommendationClick (click_id, recommendation_id, user_id, clicked_at) VALUES (59, 28, 18, '2025-06-05 07:26:14');
INSERT INTO RecommendationClick (click_id, recommendation_id, user_id, clicked_at) VALUES (60, 29, 9, '2025-11-03 13:48:39');
INSERT INTO RecommendationClick (click_id, recommendation_id, user_id, clicked_at) VALUES (61, 29, 9, '2026-03-23 05:57:16');
INSERT INTO RecommendationClick (click_id, recommendation_id, user_id, clicked_at) VALUES (62, 30, 6, '2024-12-28 16:19:15');
INSERT INTO RecommendationClick (click_id, recommendation_id, user_id, clicked_at) VALUES (63, 30, 6, '2025-03-25 10:05:29');
INSERT INTO RecommendationClick (click_id, recommendation_id, user_id, clicked_at) VALUES (64, 30, 6, '2025-08-14 03:56:54');
INSERT INTO RecommendationClick (click_id, recommendation_id, user_id, clicked_at) VALUES (65, 31, 7, '2025-06-10 07:17:05');
INSERT INTO RecommendationClick (click_id, recommendation_id, user_id, clicked_at) VALUES (66, 31, 7, '2026-03-22 15:33:15');
INSERT INTO RecommendationClick (click_id, recommendation_id, user_id, clicked_at) VALUES (67, 32, 13, '2026-01-07 06:18:21');
INSERT INTO RecommendationClick (click_id, recommendation_id, user_id, clicked_at) VALUES (68, 32, 13, '2026-02-14 06:49:40');
INSERT INTO RecommendationClick (click_id, recommendation_id, user_id, clicked_at) VALUES (69, 32, 13, '2026-02-16 05:56:34');
INSERT INTO RecommendationClick (click_id, recommendation_id, user_id, clicked_at) VALUES (70, 33, 8, '2026-03-09 00:28:37');
INSERT INTO RecommendationClick (click_id, recommendation_id, user_id, clicked_at) VALUES (71, 34, 2, '2026-03-19 14:24:16');
INSERT INTO RecommendationClick (click_id, recommendation_id, user_id, clicked_at) VALUES (72, 34, 2, '2025-10-07 06:29:44');
INSERT INTO RecommendationClick (click_id, recommendation_id, user_id, clicked_at) VALUES (73, 35, 16, '2024-10-03 11:04:33');
INSERT INTO RecommendationClick (click_id, recommendation_id, user_id, clicked_at) VALUES (74, 35, 16, '2025-05-25 10:29:25');
INSERT INTO RecommendationClick (click_id, recommendation_id, user_id, clicked_at) VALUES (75, 35, 16, '2025-03-10 17:19:03');
INSERT INTO RecommendationClick (click_id, recommendation_id, user_id, clicked_at) VALUES (76, 36, 14, '2025-11-23 03:08:26');
INSERT INTO RecommendationClick (click_id, recommendation_id, user_id, clicked_at) VALUES (77, 37, 8, '2025-12-23 12:00:48');
INSERT INTO RecommendationClick (click_id, recommendation_id, user_id, clicked_at) VALUES (78, 37, 8, '2025-11-30 19:35:06');
INSERT INTO RecommendationClick (click_id, recommendation_id, user_id, clicked_at) VALUES (79, 38, 2, '2026-03-20 22:29:13');
INSERT INTO RecommendationClick (click_id, recommendation_id, user_id, clicked_at) VALUES (80, 38, 2, '2026-02-09 15:16:47');
INSERT INTO RecommendationClick (click_id, recommendation_id, user_id, clicked_at) VALUES (81, 39, 2, '2025-05-11 05:34:36');
INSERT INTO RecommendationClick (click_id, recommendation_id, user_id, clicked_at) VALUES (82, 39, 2, '2025-05-04 03:12:01');
INSERT INTO RecommendationClick (click_id, recommendation_id, user_id, clicked_at) VALUES (83, 40, 5, '2025-02-19 15:20:42');
INSERT INTO RecommendationClick (click_id, recommendation_id, user_id, clicked_at) VALUES (84, 40, 5, '2025-08-18 00:57:12');
INSERT INTO RecommendationClick (click_id, recommendation_id, user_id, clicked_at) VALUES (85, 41, 8, '2025-04-17 15:02:50');
INSERT INTO RecommendationClick (click_id, recommendation_id, user_id, clicked_at) VALUES (86, 41, 8, '2025-03-25 19:37:09');
INSERT INTO RecommendationClick (click_id, recommendation_id, user_id, clicked_at) VALUES (87, 41, 8, '2025-05-29 09:04:46');
INSERT INTO RecommendationClick (click_id, recommendation_id, user_id, clicked_at) VALUES (88, 42, 5, '2026-02-20 22:18:58');
INSERT INTO RecommendationClick (click_id, recommendation_id, user_id, clicked_at) VALUES (89, 42, 5, '2025-12-13 18:48:36');
INSERT INTO RecommendationClick (click_id, recommendation_id, user_id, clicked_at) VALUES (90, 43, 8, '2026-02-27 01:50:43');
INSERT INTO RecommendationClick (click_id, recommendation_id, user_id, clicked_at) VALUES (91, 43, 8, '2026-03-07 15:46:29');
INSERT INTO RecommendationClick (click_id, recommendation_id, user_id, clicked_at) VALUES (92, 44, 13, '2025-08-05 13:53:29');
INSERT INTO RecommendationClick (click_id, recommendation_id, user_id, clicked_at) VALUES (93, 45, 8, '2025-07-18 04:46:10');
INSERT INTO RecommendationClick (click_id, recommendation_id, user_id, clicked_at) VALUES (94, 45, 8, '2025-10-25 14:20:10');
INSERT INTO RecommendationClick (click_id, recommendation_id, user_id, clicked_at) VALUES (95, 46, 19, '2025-05-09 13:37:24');
INSERT INTO RecommendationClick (click_id, recommendation_id, user_id, clicked_at) VALUES (96, 46, 19, '2025-11-28 15:00:23');
INSERT INTO RecommendationClick (click_id, recommendation_id, user_id, clicked_at) VALUES (97, 47, 3, '2026-01-26 15:12:04');
INSERT INTO RecommendationClick (click_id, recommendation_id, user_id, clicked_at) VALUES (98, 47, 3, '2026-02-27 15:14:15');
INSERT INTO RecommendationClick (click_id, recommendation_id, user_id, clicked_at) VALUES (99, 47, 3, '2025-09-25 06:51:12');
INSERT INTO RecommendationClick (click_id, recommendation_id, user_id, clicked_at) VALUES (100, 48, 5, '2026-02-08 16:50:48');
INSERT INTO RecommendationClick (click_id, recommendation_id, user_id, clicked_at) VALUES (101, 48, 5, '2025-10-28 11:13:26');
INSERT INTO RecommendationClick (click_id, recommendation_id, user_id, clicked_at) VALUES (102, 49, 1, '2025-08-21 19:27:02');
INSERT INTO RecommendationClick (click_id, recommendation_id, user_id, clicked_at) VALUES (103, 49, 1, '2026-01-28 15:31:17');
INSERT INTO RecommendationClick (click_id, recommendation_id, user_id, clicked_at) VALUES (104, 50, 5, '2025-12-18 09:27:09');
INSERT INTO RecommendationClick (click_id, recommendation_id, user_id, clicked_at) VALUES (105, 50, 5, '2026-03-06 17:50:52');
INSERT INTO RecommendationClick (click_id, recommendation_id, user_id, clicked_at) VALUES (106, 51, 18, '2024-08-09 07:14:55');
INSERT INTO RecommendationClick (click_id, recommendation_id, user_id, clicked_at) VALUES (107, 51, 18, '2024-09-08 23:53:22');
INSERT INTO RecommendationClick (click_id, recommendation_id, user_id, clicked_at) VALUES (108, 52, 12, '2026-04-01 21:13:03');
INSERT INTO RecommendationClick (click_id, recommendation_id, user_id, clicked_at) VALUES (109, 52, 12, '2026-03-17 12:34:40');
INSERT INTO RecommendationClick (click_id, recommendation_id, user_id, clicked_at) VALUES (110, 53, 13, '2026-04-06 06:40:21');
INSERT INTO RecommendationClick (click_id, recommendation_id, user_id, clicked_at) VALUES (111, 53, 13, '2025-08-10 13:31:01');
INSERT INTO RecommendationClick (click_id, recommendation_id, user_id, clicked_at) VALUES (112, 53, 13, '2025-07-27 22:36:23');
INSERT INTO RecommendationClick (click_id, recommendation_id, user_id, clicked_at) VALUES (113, 54, 18, '2024-12-05 13:48:38');
INSERT INTO RecommendationClick (click_id, recommendation_id, user_id, clicked_at) VALUES (114, 54, 18, '2025-09-30 12:26:05');
INSERT INTO RecommendationClick (click_id, recommendation_id, user_id, clicked_at) VALUES (115, 55, 9, '2026-03-16 20:26:01');
INSERT INTO RecommendationClick (click_id, recommendation_id, user_id, clicked_at) VALUES (116, 55, 9, '2025-08-09 00:57:28');
INSERT INTO RecommendationClick (click_id, recommendation_id, user_id, clicked_at) VALUES (117, 56, 6, '2025-12-06 15:21:50');
INSERT INTO RecommendationClick (click_id, recommendation_id, user_id, clicked_at) VALUES (118, 56, 6, '2025-11-06 09:05:50');
INSERT INTO RecommendationClick (click_id, recommendation_id, user_id, clicked_at) VALUES (119, 57, 3, '2026-03-09 08:12:35');
INSERT INTO RecommendationClick (click_id, recommendation_id, user_id, clicked_at) VALUES (120, 57, 3, '2026-02-21 05:55:54');
INSERT INTO RecommendationClick (click_id, recommendation_id, user_id, clicked_at) VALUES (121, 58, 20, '2024-12-16 02:01:23');
INSERT INTO RecommendationClick (click_id, recommendation_id, user_id, clicked_at) VALUES (122, 58, 20, '2024-12-30 04:39:35');
INSERT INTO RecommendationClick (click_id, recommendation_id, user_id, clicked_at) VALUES (123, 59, 10, '2026-04-07 16:07:44');
INSERT INTO RecommendationClick (click_id, recommendation_id, user_id, clicked_at) VALUES (124, 59, 10, '2026-03-14 07:00:26');
INSERT INTO RecommendationClick (click_id, recommendation_id, user_id, clicked_at) VALUES (125, 60, 11, '2026-03-18 08:29:56');
INSERT INTO RecommendationClick (click_id, recommendation_id, user_id, clicked_at) VALUES (126, 60, 11, '2026-04-05 23:18:02');
INSERT INTO RecommendationClick (click_id, recommendation_id, user_id, clicked_at) VALUES (127, 60, 11, '2026-04-09 12:23:26');

-- =============================================================
-- ReviewFlag (50 rows)
-- =============================================================

INSERT INTO ReviewFlag (flag_id, review_id, flagged_by_user_id, flag_reason, flag_status, flag_date) VALUES (1, 48, 37, 'Spam or promotional content', 'reviewed', '2025-11-16 05:40:14');
INSERT INTO ReviewFlag (flag_id, review_id, flagged_by_user_id, flag_reason, flag_status, flag_date) VALUES (2, 58, 4, 'Spoiler without warning', 'dismissed', '2024-07-26 10:47:54');
INSERT INTO ReviewFlag (flag_id, review_id, flagged_by_user_id, flag_reason, flag_status, flag_date) VALUES (3, 57, 2, 'Offensive language', 'dismissed', '2024-09-24 04:04:00');
INSERT INTO ReviewFlag (flag_id, review_id, flagged_by_user_id, flag_reason, flag_status, flag_date) VALUES (4, 6, 1, 'Not a genuine review', 'reviewed', '2024-11-08 16:48:10');
INSERT INTO ReviewFlag (flag_id, review_id, flagged_by_user_id, flag_reason, flag_status, flag_date) VALUES (5, 30, 11, 'Misleading information', 'reviewed', '2024-07-20 11:49:58');
INSERT INTO ReviewFlag (flag_id, review_id, flagged_by_user_id, flag_reason, flag_status, flag_date) VALUES (6, 39, 17, 'Offensive language', 'pending', '2025-05-01 11:37:34');
INSERT INTO ReviewFlag (flag_id, review_id, flagged_by_user_id, flag_reason, flag_status, flag_date) VALUES (7, 22, 4, 'Not a genuine review', 'pending', '2026-01-15 23:07:23');
INSERT INTO ReviewFlag (flag_id, review_id, flagged_by_user_id, flag_reason, flag_status, flag_date) VALUES (8, 52, 28, 'Offensive language', 'pending', '2026-04-05 15:27:55');
INSERT INTO ReviewFlag (flag_id, review_id, flagged_by_user_id, flag_reason, flag_status, flag_date) VALUES (9, 28, 14, 'Contains hate speech', 'pending', '2024-07-03 16:49:53');
INSERT INTO ReviewFlag (flag_id, review_id, flagged_by_user_id, flag_reason, flag_status, flag_date) VALUES (10, 34, 34, 'Contains hate speech', 'reviewed', '2024-04-24 12:17:36');
INSERT INTO ReviewFlag (flag_id, review_id, flagged_by_user_id, flag_reason, flag_status, flag_date) VALUES (11, 37, 8, 'Not a genuine review', 'dismissed', '2026-03-26 16:48:44');
INSERT INTO ReviewFlag (flag_id, review_id, flagged_by_user_id, flag_reason, flag_status, flag_date) VALUES (12, 25, 5, 'Harassment or personal attack', 'pending', '2025-05-12 15:15:08');
INSERT INTO ReviewFlag (flag_id, review_id, flagged_by_user_id, flag_reason, flag_status, flag_date) VALUES (13, 45, 7, 'Inappropriate content', 'pending', '2025-04-26 22:53:43');
INSERT INTO ReviewFlag (flag_id, review_id, flagged_by_user_id, flag_reason, flag_status, flag_date) VALUES (14, 1, 25, 'Spam or promotional content', 'pending', '2026-01-31 17:12:04');
INSERT INTO ReviewFlag (flag_id, review_id, flagged_by_user_id, flag_reason, flag_status, flag_date) VALUES (15, 59, 34, 'Off-topic content', 'pending', '2024-04-24 10:13:15');
INSERT INTO ReviewFlag (flag_id, review_id, flagged_by_user_id, flag_reason, flag_status, flag_date) VALUES (16, 51, 29, 'Inappropriate content', 'pending', '2024-11-20 10:52:03');
INSERT INTO ReviewFlag (flag_id, review_id, flagged_by_user_id, flag_reason, flag_status, flag_date) VALUES (17, 27, 27, 'Off-topic content', 'pending', '2026-03-20 04:06:24');
INSERT INTO ReviewFlag (flag_id, review_id, flagged_by_user_id, flag_reason, flag_status, flag_date) VALUES (18, 5, 6, 'Offensive language', 'dismissed', '2024-09-05 16:29:02');
INSERT INTO ReviewFlag (flag_id, review_id, flagged_by_user_id, flag_reason, flag_status, flag_date) VALUES (19, 41, 23, 'Not a genuine review', 'pending', '2025-03-03 17:05:27');
INSERT INTO ReviewFlag (flag_id, review_id, flagged_by_user_id, flag_reason, flag_status, flag_date) VALUES (20, 56, 18, 'Offensive language', 'reviewed', '2024-12-26 08:08:54');
INSERT INTO ReviewFlag (flag_id, review_id, flagged_by_user_id, flag_reason, flag_status, flag_date) VALUES (21, 16, 2, 'Misleading information', 'pending', '2024-11-12 06:51:02');
INSERT INTO ReviewFlag (flag_id, review_id, flagged_by_user_id, flag_reason, flag_status, flag_date) VALUES (22, 32, 26, 'Misleading information', 'pending', '2026-02-05 13:59:12');
INSERT INTO ReviewFlag (flag_id, review_id, flagged_by_user_id, flag_reason, flag_status, flag_date) VALUES (23, 31, 32, 'Not a genuine review', 'dismissed', '2024-08-08 20:46:39');
INSERT INTO ReviewFlag (flag_id, review_id, flagged_by_user_id, flag_reason, flag_status, flag_date) VALUES (24, 7, 39, 'Offensive language', 'reviewed', '2025-10-07 12:26:21');
INSERT INTO ReviewFlag (flag_id, review_id, flagged_by_user_id, flag_reason, flag_status, flag_date) VALUES (25, 19, 21, 'Spam or promotional content', 'dismissed', '2025-05-17 08:41:38');
INSERT INTO ReviewFlag (flag_id, review_id, flagged_by_user_id, flag_reason, flag_status, flag_date) VALUES (26, 10, 24, 'Duplicate review', 'dismissed', '2026-03-15 18:17:25');
INSERT INTO ReviewFlag (flag_id, review_id, flagged_by_user_id, flag_reason, flag_status, flag_date) VALUES (27, 12, 5, 'Spoiler without warning', 'pending', '2025-12-07 14:27:31');
INSERT INTO ReviewFlag (flag_id, review_id, flagged_by_user_id, flag_reason, flag_status, flag_date) VALUES (28, 11, 17, 'Harassment or personal attack', 'dismissed', '2024-05-25 14:12:05');
INSERT INTO ReviewFlag (flag_id, review_id, flagged_by_user_id, flag_reason, flag_status, flag_date) VALUES (29, 36, 33, 'Misleading information', 'dismissed', '2026-01-19 06:14:33');
INSERT INTO ReviewFlag (flag_id, review_id, flagged_by_user_id, flag_reason, flag_status, flag_date) VALUES (30, 54, 28, 'Not a genuine review', 'pending', '2024-07-09 11:19:16');
INSERT INTO ReviewFlag (flag_id, review_id, flagged_by_user_id, flag_reason, flag_status, flag_date) VALUES (31, 3, 15, 'Spam or promotional content', 'pending', '2024-06-12 09:23:41');
INSERT INTO ReviewFlag (flag_id, review_id, flagged_by_user_id, flag_reason, flag_status, flag_date) VALUES (32, 8, 22, 'Spoiler without warning', 'reviewed', '2024-08-19 14:05:33');
INSERT INTO ReviewFlag (flag_id, review_id, flagged_by_user_id, flag_reason, flag_status, flag_date) VALUES (33, 14, 31, 'Offensive language', 'dismissed', '2024-10-03 18:37:12');
INSERT INTO ReviewFlag (flag_id, review_id, flagged_by_user_id, flag_reason, flag_status, flag_date) VALUES (34, 20, 9, 'Not a genuine review', 'pending', '2024-12-15 07:42:58');
INSERT INTO ReviewFlag (flag_id, review_id, flagged_by_user_id, flag_reason, flag_status, flag_date) VALUES (35, 48, 12, 'Misleading information', 'reviewed', '2025-01-28 11:16:07');
INSERT INTO ReviewFlag (flag_id, review_id, flagged_by_user_id, flag_reason, flag_status, flag_date) VALUES (36, 23, 40, 'Contains hate speech', 'pending', '2025-03-14 20:51:29');
INSERT INTO ReviewFlag (flag_id, review_id, flagged_by_user_id, flag_reason, flag_status, flag_date) VALUES (37, 9, 19, 'Harassment or personal attack', 'dismissed', '2025-04-22 03:14:46');
INSERT INTO ReviewFlag (flag_id, review_id, flagged_by_user_id, flag_reason, flag_status, flag_date) VALUES (38, 42, 6, 'Inappropriate content', 'pending', '2025-06-09 16:28:03');
INSERT INTO ReviewFlag (flag_id, review_id, flagged_by_user_id, flag_reason, flag_status, flag_date) VALUES (39, 33, 38, 'Off-topic content', 'reviewed', '2025-07-17 22:05:19');
INSERT INTO ReviewFlag (flag_id, review_id, flagged_by_user_id, flag_reason, flag_status, flag_date) VALUES (40, 15, 10, 'Duplicate review', 'dismissed', '2025-08-30 08:33:55');
INSERT INTO ReviewFlag (flag_id, review_id, flagged_by_user_id, flag_reason, flag_status, flag_date) VALUES (41, 52, 3, 'Spam or promotional content', 'pending', '2025-09-11 13:47:22');
INSERT INTO ReviewFlag (flag_id, review_id, flagged_by_user_id, flag_reason, flag_status, flag_date) VALUES (42, 46, 20, 'Spoiler without warning', 'reviewed', '2025-10-24 19:02:38');
INSERT INTO ReviewFlag (flag_id, review_id, flagged_by_user_id, flag_reason, flag_status, flag_date) VALUES (43, 4, 36, 'Offensive language', 'pending', '2025-11-08 06:19:44');
INSERT INTO ReviewFlag (flag_id, review_id, flagged_by_user_id, flag_reason, flag_status, flag_date) VALUES (44, 38, 16, 'Not a genuine review', 'dismissed', '2025-12-21 10:55:17');
INSERT INTO ReviewFlag (flag_id, review_id, flagged_by_user_id, flag_reason, flag_status, flag_date) VALUES (45, 55, 30, 'Misleading information', 'reviewed', '2026-01-05 15:38:09');
INSERT INTO ReviewFlag (flag_id, review_id, flagged_by_user_id, flag_reason, flag_status, flag_date) VALUES (46, 26, 13, 'Contains hate speech', 'pending', '2026-01-29 21:44:51');
INSERT INTO ReviewFlag (flag_id, review_id, flagged_by_user_id, flag_reason, flag_status, flag_date) VALUES (47, 17, 35, 'Harassment or personal attack', 'dismissed', '2026-02-18 04:07:36');
INSERT INTO ReviewFlag (flag_id, review_id, flagged_by_user_id, flag_reason, flag_status, flag_date) VALUES (48, 50, 8, 'Inappropriate content', 'reviewed', '2026-03-03 17:22:14');
INSERT INTO ReviewFlag (flag_id, review_id, flagged_by_user_id, flag_reason, flag_status, flag_date) VALUES (49, 2, 27, 'Off-topic content', 'pending', '2026-03-27 12:09:47');
INSERT INTO ReviewFlag (flag_id, review_id, flagged_by_user_id, flag_reason, flag_status, flag_date) VALUES (50, 44, 11, 'Duplicate review', 'dismissed', '2026-04-10 08:31:02');

-- =============================================================
-- AdminLog (50 rows)
-- =============================================================

INSERT INTO AdminLog (log_id, admin_user_id, action_type, notes, action_timestamp) VALUES (1, 25, 'moderate_review', 'Moderated review_id=6 - status changed to approved', '2025-05-21 09:21:05');
INSERT INTO AdminLog (log_id, admin_user_id, action_type, notes, action_timestamp) VALUES (2, 22, 'delete_review', 'Deleted review_id=47 for policy violation', '2024-08-12 04:30:24');
INSERT INTO AdminLog (log_id, admin_user_id, action_type, notes, action_timestamp) VALUES (3, 30, 'remove_movie', 'Removed movie_id=4 from active catalog', '2024-09-30 06:04:25');
INSERT INTO AdminLog (log_id, admin_user_id, action_type, notes, action_timestamp) VALUES (4, 26, 'add_movie', 'Added new movie to catalog: movie_id=34', '2024-08-13 13:04:07');
INSERT INTO AdminLog (log_id, admin_user_id, action_type, notes, action_timestamp) VALUES (5, 26, 'generate_report', 'Generated system health report', '2025-07-26 06:35:49');
INSERT INTO AdminLog (log_id, admin_user_id, action_type, notes, action_timestamp) VALUES (6, 26, 'edit_movie', 'Updated movie details for movie_id=32', '2024-07-30 08:53:43');
INSERT INTO AdminLog (log_id, admin_user_id, action_type, notes, action_timestamp) VALUES (7, 22, 'unban_user', 'Reinstated user_id=3 after review', '2025-08-12 01:15:07');
INSERT INTO AdminLog (log_id, admin_user_id, action_type, notes, action_timestamp) VALUES (8, 27, 'send_notification', 'Sent notification to user_id=3', '2024-12-26 03:09:19');
INSERT INTO AdminLog (log_id, admin_user_id, action_type, notes, action_timestamp) VALUES (9, 26, 'delete_review', 'Deleted review_id=37 for policy violation', '2025-09-25 13:40:19');
INSERT INTO AdminLog (log_id, admin_user_id, action_type, notes, action_timestamp) VALUES (10, 27, 'moderate_review', 'Moderated review_id=56 - status changed to rejected', '2025-11-03 04:37:46');
INSERT INTO AdminLog (log_id, admin_user_id, action_type, notes, action_timestamp) VALUES (11, 21, 'approve_review', 'Approved review_id=19 after moderation', '2025-04-28 09:32:34');
INSERT INTO AdminLog (log_id, admin_user_id, action_type, notes, action_timestamp) VALUES (12, 28, 'generate_report', 'Generated monthly analytics report', '2025-06-08 12:52:13');
INSERT INTO AdminLog (log_id, admin_user_id, action_type, notes, action_timestamp) VALUES (13, 24, 'add_movie', 'Added new movie to catalog: movie_id=23', '2024-07-30 19:28:15');
INSERT INTO AdminLog (log_id, admin_user_id, action_type, notes, action_timestamp) VALUES (14, 29, 'unban_user', 'Reinstated user_id=4 after review', '2024-12-09 06:55:25');
INSERT INTO AdminLog (log_id, admin_user_id, action_type, notes, action_timestamp) VALUES (15, 27, 'system_maintenance', 'Performed routine system maintenance', '2024-07-01 09:33:00');
INSERT INTO AdminLog (log_id, admin_user_id, action_type, notes, action_timestamp) VALUES (16, 30, 'edit_movie', 'Updated movie details for movie_id=28', '2025-05-22 23:52:42');
INSERT INTO AdminLog (log_id, admin_user_id, action_type, notes, action_timestamp) VALUES (17, 26, 'edit_genre', 'Updated genre information for genre_id=4', '2024-08-01 17:59:04');
INSERT INTO AdminLog (log_id, admin_user_id, action_type, notes, action_timestamp) VALUES (18, 28, 'edit_genre', 'Updated genre information for genre_id=9', '2025-02-25 04:52:11');
INSERT INTO AdminLog (log_id, admin_user_id, action_type, notes, action_timestamp) VALUES (19, 25, 'clear_flags', 'Cleared resolved flags for review_id=6', '2025-03-16 17:24:01');
INSERT INTO AdminLog (log_id, admin_user_id, action_type, notes, action_timestamp) VALUES (20, 22, 'system_maintenance', 'Performed routine system maintenance', '2024-10-10 13:07:53');
INSERT INTO AdminLog (log_id, admin_user_id, action_type, notes, action_timestamp) VALUES (21, 27, 'clear_flags', 'Cleared resolved flags for review_id=36', '2024-09-05 16:25:19');
INSERT INTO AdminLog (log_id, admin_user_id, action_type, notes, action_timestamp) VALUES (22, 21, 'edit_movie', 'Updated movie details for movie_id=15', '2025-12-03 09:20:23');
INSERT INTO AdminLog (log_id, admin_user_id, action_type, notes, action_timestamp) VALUES (23, 25, 'send_notification', 'Sent notification to user_id=5', '2025-03-20 16:27:39');
INSERT INTO AdminLog (log_id, admin_user_id, action_type, notes, action_timestamp) VALUES (24, 21, 'edit_genre', 'Updated genre information for genre_id=7', '2025-05-12 03:32:03');
INSERT INTO AdminLog (log_id, admin_user_id, action_type, notes, action_timestamp) VALUES (25, 23, 'approve_review', 'Approved review_id=59 after moderation', '2024-05-21 10:21:32');
INSERT INTO AdminLog (log_id, admin_user_id, action_type, notes, action_timestamp) VALUES (26, 30, 'remove_movie', 'Removed movie_id=16 from active catalog', '2024-07-13 22:11:10');
INSERT INTO AdminLog (log_id, admin_user_id, action_type, notes, action_timestamp) VALUES (27, 27, 'ban_user', 'Banned user_id=34 for policy violation', '2025-08-20 07:49:31');
INSERT INTO AdminLog (log_id, admin_user_id, action_type, notes, action_timestamp) VALUES (28, 28, 'approve_review', 'Approved review_id=33 after moderation', '2025-03-08 09:44:25');
INSERT INTO AdminLog (log_id, admin_user_id, action_type, notes, action_timestamp) VALUES (29, 24, 'edit_movie', 'Updated movie details for movie_id=18', '2024-07-26 21:01:27');
INSERT INTO AdminLog (log_id, admin_user_id, action_type, notes, action_timestamp) VALUES (30, 24, 'delete_review', 'Deleted review_id=53 for policy violation', '2024-10-09 18:24:41');
INSERT INTO AdminLog (log_id, admin_user_id, action_type, notes, action_timestamp) VALUES (31, 24, 'remove_movie', 'Removed movie_id=21 from active catalog', '2025-11-12 18:51:12');
INSERT INTO AdminLog (log_id, admin_user_id, action_type, notes, action_timestamp) VALUES (32, 28, 'add_movie', 'Added new movie to catalog: movie_id=20', '2025-12-22 19:57:59');
INSERT INTO AdminLog (log_id, admin_user_id, action_type, notes, action_timestamp) VALUES (33, 21, 'add_movie', 'Added new movie to catalog: movie_id=31', '2024-10-13 23:46:53');
INSERT INTO AdminLog (log_id, admin_user_id, action_type, notes, action_timestamp) VALUES (34, 21, 'edit_movie', 'Updated movie details for movie_id=10', '2025-05-03 02:24:11');
INSERT INTO AdminLog (log_id, admin_user_id, action_type, notes, action_timestamp) VALUES (35, 30, 'moderate_review', 'Moderated review_id=20 - status changed to approved', '2026-02-08 23:33:06');
INSERT INTO AdminLog (log_id, admin_user_id, action_type, notes, action_timestamp) VALUES (36, 23, 'system_maintenance', 'Performed routine system maintenance', '2025-05-07 23:10:15');
INSERT INTO AdminLog (log_id, admin_user_id, action_type, notes, action_timestamp) VALUES (37, 25, 'ban_user', 'Banned user_id=1 for policy violation', '2025-12-22 23:35:09');
INSERT INTO AdminLog (log_id, admin_user_id, action_type, notes, action_timestamp) VALUES (38, 30, 'unban_user', 'Reinstated user_id=32 after review', '2025-04-05 23:37:59');
INSERT INTO AdminLog (log_id, admin_user_id, action_type, notes, action_timestamp) VALUES (39, 23, 'update_user_role', 'Changed role for user_id=22 to admin', '2024-12-26 14:28:05');
INSERT INTO AdminLog (log_id, admin_user_id, action_type, notes, action_timestamp) VALUES (40, 26, 'delete_review', 'Deleted review_id=47 for policy violation', '2024-10-03 03:04:26');
INSERT INTO AdminLog (log_id, admin_user_id, action_type, notes, action_timestamp) VALUES (41, 28, 'send_notification', 'Sent notification to user_id=35', '2024-09-29 04:25:51');
INSERT INTO AdminLog (log_id, admin_user_id, action_type, notes, action_timestamp) VALUES (42, 22, 'generate_report', 'Generated monthly analytics report', '2025-03-31 18:11:36');
INSERT INTO AdminLog (log_id, admin_user_id, action_type, notes, action_timestamp) VALUES (43, 27, 'ban_user', 'Banned user_id=6 for policy violation', '2026-02-13 18:00:26');
INSERT INTO AdminLog (log_id, admin_user_id, action_type, notes, action_timestamp) VALUES (44, 30, 'send_notification', 'Sent notification to user_id=4', '2025-06-09 08:10:28');
INSERT INTO AdminLog (log_id, admin_user_id, action_type, notes, action_timestamp) VALUES (45, 29, 'delete_review', 'Deleted review_id=20 for policy violation', '2024-09-19 13:59:04');
INSERT INTO AdminLog (log_id, admin_user_id, action_type, notes, action_timestamp) VALUES (46, 26, 'edit_movie', 'Updated movie details for movie_id=28', '2024-05-11 19:32:05');
INSERT INTO AdminLog (log_id, admin_user_id, action_type, notes, action_timestamp) VALUES (47, 23, 'update_user_role', 'Changed role for user_id=31 to admin', '2025-08-11 05:48:26');
INSERT INTO AdminLog (log_id, admin_user_id, action_type, notes, action_timestamp) VALUES (48, 25, 'moderate_review', 'Moderated review_id=25 - status changed to rejected', '2025-07-15 13:37:28');
INSERT INTO AdminLog (log_id, admin_user_id, action_type, notes, action_timestamp) VALUES (49, 25, 'edit_genre', 'Updated genre information for genre_id=14', '2026-03-29 15:31:15');
INSERT INTO AdminLog (log_id, admin_user_id, action_type, notes, action_timestamp) VALUES (50, 22, 'update_user_role', 'Changed role for user_id=35 to casual', '2025-10-03 03:14:30');

-- =============================================================
-- Update Movie average_rating from Rating table
-- =============================================================

UPDATE Movie m
SET average_rating = (
    SELECT ROUND(AVG(r.rating_value), 2)
    FROM Rating r
    WHERE r.movie_id = m.movie_id
)
WHERE m.movie_id IN (SELECT DISTINCT movie_id FROM Rating);
